caption,mean,precision,votes,not_funny,somewhat_funny,funny,cleaned_caption_v2,contest_id,tokens,occupations,topic
Please tell Her Majesty Queen Cleopatra that all the reporters have left.,1.0,0.1543033499620919,7,7,0,0,please tell her majesty queen cleopatra that all the reporters have left,2,"['please', 'tell', 'her', 'majesty', 'queen', 'cleopatra', 'that', 'all', 'the', 'reporters', 'have', 'left']",{'reporter'},0
This is the last time I take the advice of a columnist at Cosmopolitan.,1.0555555555555556,0.0571661950475029,18,17,1,0,this is the last time i take the advice of a columnist at cosmopolitan,4,"['this', 'is', 'the', 'last', 'time', 'i', 'take', 'the', 'advice', 'of', 'a', 'columnist', 'at', 'cosmopolitan']",{'columnist'},0
"my feminist blogger girlfriend got it for me..it reminds rich, white men to consider their privilege... kind of flipping the narrative that the fundamental building blocks of society are on our side...",1.0,0.408248290463863,3,3,0,0,my feminist blogger girlfriend got it for me it reminds rich white men to consider their privilege kind of flipping the narrative that the fundamental building blocks of society are on our side,6,"['my', 'feminist', 'blogger', 'girlfriend', 'got', 'it', 'for', 'me', 'it', 'reminds', 'rich', 'white', 'men', 'to', 'consider', 'their', 'privilege', 'kind', 'of', 'flipping', 'the', 'narrative', 'that', 'the', 'fundamental', 'building', 'blocks', 'of', 'society', 'are', 'on', 'our', 'side']",{'blogger'},3
She's one of our embedded journalists...,1.72,0.0839562305528818,75,33,30,12,she is one of our embedded journalists,9,"['she', 'is', 'one', 'of', 'our', 'embedded', 'journalists']",{'journalist'},0
The new NRA publicists are on to something.,1.1875,0.1007782218537318,16,13,3,0,the new nra publicists are on to something,9,"['the', 'new', 'nra', 'publicists', 'are', 'on', 'to', 'something']",{'publicist'},-1
"He may be crazy, but I tell you, embedded journalists get all the chicks.",1.1333333333333333,0.0908513525158996,15,13,2,0,he may be crazy but i tell you embedded journalists get all the chicks,9,"['he', 'may', 'be', 'crazy', 'but', 'i', 'tell', 'you', 'embedded', 'journalists', 'get', 'all', 'the', 'chicks']",{'journalist'},0
HE'S ONE OF THE BRAVEST DOCUMENTARY JOURNALISTS I KNOW.,1.0,0.0953462589245592,11,11,0,0,he is one of the bravest documentary journalists i know,9,"['he', 'is', 'one', 'of', 'the', 'bravest', 'documentary', 'journalists', 'i', 'know']",{'journalist'},-1
"I don't just have a caddy. There's my coach, publicist, and therapist as well.",1.0952380952380951,0.0656383273909058,21,19,2,0,i do not just have a caddy there is my coach publicist and therapist as well,11,"['i', 'do', 'not', 'just', 'have', 'a', 'caddy', 'there', 'is', 'my', 'coach', 'publicist', 'and', 'therapist', 'as', 'well']","{'caddy', 'publicist'}",-1
"""Sir, the reporters are anxious to meet the next president of the United States"".",1.208955223880597,0.0543757528073646,67,54,12,1,sir the reporters are anxious to meet the next president of the united states,12,"['sir', 'the', 'reporters', 'are', 'anxious', 'to', 'meet', 'the', 'next', 'president', 'of', 'the', 'united', 'states']","{'president', 'reporter'}",0
"It's the folk from Publishers Clearing House, Sir. I told them you were busy.",1.1176470588235294,0.0603717816405515,51,47,2,2,it is the folk from publishers clearing house sir i told them you were busy,12,"['it', 'is', 'the', 'folk', 'from', 'publishers', 'clearing', 'house', 'sir', 'i', 'told', 'them', 'you', 'were', 'busy']",{'publisher'},1
"Sir, it's a blogger at the castle door requesting your comment about ""synthetic biology.""",1.069767441860465,0.0393095002199309,43,40,3,0,sir it is a blogger at the castle door requesting your comment about synthetic biology,12,"['sir', 'it', 'is', 'a', 'blogger', 'at', 'the', 'castle', 'door', 'requesting', 'your', 'comment', 'about', 'synthetic', 'biology']",{'blogger'},0
Now I understand why Publishers Clearinghouse only talks about their GRAND prize.,1.4660194174757282,0.070103040721535,103,68,22,13,now i understand why publishers clearinghouse only talks about their grand prize,13,"['now', 'i', 'understand', 'why', 'publishers', 'clearinghouse', 'only', 'talks', 'about', 'their', 'grand', 'prize']",{'publisher'},1
"""Don't worry, I have Trump's publicist. It'll sound bigger than it is. You're gonna love it.",1.0857142857142856,0.0480096028809603,35,32,3,0,do not worry i have trump s publicist it will sound bigger than it is you are going to love it,14,"['do', 'not', 'worry', 'i', 'have', 'trump', 's', 'publicist', 'it', 'will', 'sound', 'bigger', 'than', 'it', 'is', 'you', 'are', 'going', 'to', 'love', 'it']",{'publicist'},2
Having a great publicist is only part of the equation,1.2884615384615383,0.0743830251841733,52,39,11,2,having a great publicist is only part of the equation,15,"['having', 'a', 'great', 'publicist', 'is', 'only', 'part', 'of', 'the', 'equation']",{'publicist'},-1
"Congratulations, you have just won the Publishers Clearing House Sweepstakes!",1.3,0.068478212131474,60,44,14,2,congratulations you have just won the publishers clearing house sweepstakes,16,"['congratulations', 'you', 'have', 'just', 'won', 'the', 'publishers', 'clearing', 'house', 'sweepstakes']",{'publisher'},-1
Congratulations! You've just won the Publishers Clearing House $10 Million prize!,1.25,0.0775015709937128,56,46,6,4,congratulations you have just won the publishers clearing house 10 million prize,16,"['congratulations', 'you', 'have', 'just', 'won', 'the', 'publishers', 'clearing', 'house', '10', 'million', 'prize']",{'publisher'},1
I'm with the Publishers Clearing House Prize Patrol.,1.1555555555555554,0.0775610255371816,45,41,1,3,i am with the publishers clearing house prize patrol,16,"['i', 'am', 'with', 'the', 'publishers', 'clearing', 'house', 'prize', 'patrol']",{'publisher'},1
Welcome To Publishers Weekly.,1.0731707317073171,0.0411754707710588,41,38,3,0,welcome to publishers weekly,16,"['welcome', 'to', 'publishers', 'weekly']",{'publisher'},1
tHE ENTIRE BOARD OF EDITORS OF THE NY TIMES WELCOMES YOU TO OUR QUADRENNIAL PRO-ISRAEL LUNCHEON AND ROUND-TABLE.,1.1428571428571428,0.1043281061914602,21,19,1,1,the entire board of editors of the ny times welcomes you to our quadrennial pro israel luncheon and round table,17,"['the', 'entire', 'board', 'of', 'editors', 'of', 'the', 'ny', 'times', 'welcomes', 'you', 'to', 'our', 'quadrennial', 'pro', 'israel', 'luncheon', 'and', 'round', 'table']",{'editor'},-1
Nessie has a few words to say to our gossip columnist,1.2134831460674158,0.0541248276148852,89,74,11,4,nessie has a few words to say to our gossip columnist,23,"['nessie', 'has', 'a', 'few', 'words', 'to', 'say', 'to', 'our', 'gossip', 'columnist']",{'columnist'},-1
Reporters deliver some shocking news!,1.0606060606060606,0.029595468994133,66,62,4,0,reporters deliver some shocking news,23,"['reporters', 'deliver', 'some', 'shocking', 'news']",{'reporter'},-1
"Did you just say ""James Thurber?"" (Note to editors: please add this link: http://www.cbsnews.com/pictures/60-minutes-favorite-new-yorker-cartoons/42/ or, even better, a newyorker.com link to The Seal in the Bedroom, if one is available)",1.178082191780822,0.0491265634505708,73,61,11,1,did you just say james thurber note to editors please add this link http www cbsnews com pictures 60 minutes favorite new yorker cartoons 42 or even better a newyorker com link to the seal in the bedroom if one is available,24,"['did', 'you', 'just', 'say', 'james', 'thurber', 'note', 'to', 'editors', 'please', 'add', 'this', 'link', 'http', 'www', 'cbsnews', 'com', 'pictures', '60', 'minutes', 'favorite', 'new', 'yorker', 'cartoons', '42', 'or', 'even', 'better', 'a', 'newyorker', 'com', 'link', 'to', 'the', 'seal', 'in', 'the', 'bedroom', 'if', 'one', 'is', 'available']",{'editor'},-1
I understand the Wall Street Journal is sending their top reporters and cameramen.,1.0833333333333333,0.040314953903908,48,44,4,0,i understand the wall street journal is sending their top reporters and cameramen,33,"['i', 'understand', 'the', 'wall', 'street', 'journal', 'is', 'sending', 'their', 'top', 'reporters', 'and', 'cameramen']",{'reporter'},0
Look at these descendants of Trump mocking at us as if we are disabled reporters!,1.1153846153846154,0.0524932384775108,52,47,4,1,look at these descendants of trump mocking at us as if we are disabled reporters,34,"['look', 'at', 'these', 'descendants', 'of', 'trump', 'mocking', 'at', 'us', 'as', 'if', 'we', 'are', 'disabled', 'reporters']",{'reporter'},-1
Is this going to happen to all of the journalists or just those in New York?,1.448,0.0637090159214331,125,85,24,16,is this going to happen to all of the journalists or just those in new york,37,"['is', 'this', 'going', 'to', 'happen', 'to', 'all', 'of', 'the', 'journalists', 'or', 'just', 'those', 'in', 'new', 'york']",{'journalist'},0
Our policy is to restrain our editors to ensure thinking precedes any actions.,1.2592592592592593,0.0602919281337026,81,64,13,4,our policy is to restrain our editors to ensure thinking precedes any actions,37,"['our', 'policy', 'is', 'to', 'restrain', 'our', 'editors', 'to', 'ensure', 'thinking', 'precedes', 'any', 'actions']",{'editor'},-1
I guess it was just a matter of time before the editors here at Mad Magazine recognized the obvious.,1.2054794520547945,0.0583868121120749,73,61,9,3,i guess it was just a matter of time before the editors here at mad magazine recognized the obvious,37,"['i', 'guess', 'it', 'was', 'just', 'a', 'matter', 'of', 'time', 'before', 'the', 'editors', 'here', 'at', 'mad', 'magazine', 'recognized', 'the', 'obvious']",{'editor'},3
What kind of columnist did you think we were looking for?,1.3195876288659794,0.064792809742147,97,75,13,9,what kind of columnist did you think we were looking for,38,"['what', 'kind', 'of', 'columnist', 'did', 'you', 'think', 'we', 'were', 'looking', 'for']",{'columnist'},0
"Thanks for coming to this press conference. In the interest of time, only the first seven rows of reporters can ask questions.",1.3195876288659794,0.0577840952604819,97,71,21,5,thanks for coming to this press conference in the interest of time only the first seven rows of reporters can ask questions,38,"['thanks', 'for', 'coming', 'to', 'this', 'press', 'conference', 'in', 'the', 'interest', 'of', 'time', 'only', 'the', 'first', 'seven', 'rows', 'of', 'reporters', 'can', 'ask', 'questions']",{'reporter'},0
Welcome to all journalists who will fly with me on Airforce one!,1.2439024390243902,0.0615003019940933,82,67,10,5,welcome to all journalists who will fly with me on airforce one,38,"['welcome', 'to', 'all', 'journalists', 'who', 'will', 'fly', 'with', 'me', 'on', 'airforce', 'one']",{'journalist'},0
"I once was a journalist in America, and this is how it ended.",1.0714285714285714,0.0430730492253947,56,53,2,1,i once was a journalist in america and this is how it ended,41,"['i', 'once', 'was', 'a', 'journalist', 'in', 'america', 'and', 'this', 'is', 'how', 'it', 'ended']",{'journalist'},0
"Editors: PLEASE de-enter my caption entry for last week: ""The Trumpet did sound."" THANK YOU!",1.094017094017094,0.0342983777805445,117,109,5,3,editors please de enter my caption entry for last week the trumpet did sound thank you,42,"['editors', 'please', 'de', 'enter', 'my', 'caption', 'entry', 'for', 'last', 'week', 'the', 'trumpet', 'did', 'sound', 'thank', 'you']",{'editor'},-1
Don't bite on fake reporters.,1.1666666666666667,0.0559454238864459,72,63,6,3,do not bite on fake reporters,43,"['do', 'not', 'bite', 'on', 'fake', 'reporters']",{'reporter'},0
before the editors dumbed it down....,1.1095890410958904,0.0416627570568371,73,66,6,1,before the editors dumbed it down,45,"['before', 'the', 'editors', 'dumbed', 'it', 'down']",{'editor'},3
"""You sure it's gluten free?"" The word ""sure"" should be emphasized as your editors see fit.",1.0857142857142856,0.0393679733569667,70,65,4,1,you sure it is gluten free the word sure should be emphasized as your editors see fit,45,"['you', 'sure', 'it', 'is', 'gluten', 'free', 'the', 'word', 'sure', 'should', 'be', 'emphasized', 'as', 'your', 'editors', 'see', 'fit']",{'editor'},3
Loser reporters say I act like a baby--Liars! Sad!,1.2357142857142858,0.0460246083309337,140,115,17,8,loser reporters say i act like a baby liars sad,46,"['loser', 'reporters', 'say', 'i', 'act', 'like', 'a', 'baby', 'liars', 'sad']",{'reporter'},0
So that's what retired cartoon editors do.,1.2816901408450705,0.0472669243758879,142,110,24,8,so that is what retired cartoon editors do,48,"['so', 'that', 'is', 'what', 'retired', 'cartoon', 'editors', 'do']",{'editor'},-1
We're between Cartoon Editors.,1.2272727272727273,0.0717026126093514,44,35,8,1,we are between cartoon editors,50,"['we', 'are', 'between', 'cartoon', 'editors']",{'editor'},-1
Not just a publicist. I'm a spin doctor.,1.1714285714285717,0.076539815373013,35,30,4,1,not just a publicist i am a spin doctor,51,"['not', 'just', 'a', 'publicist', 'i', 'am', 'a', 'spin', 'doctor']","{'publicist', 'doctor'}",2
"He was told assertive women are viewed as bossy. He was warned that mansplaining isn't appreciated. Still, Steve persisted in tweeting ""Not all men.."" at every female journalist he could find.",1.0476190476190477,0.0487950036474266,21,20,1,0,he was told assertive women are viewed as bossy he was warned that mansplaining is not appreciated still steve persisted in tweeting not all men at every female journalist he could find,51,"['he', 'was', 'told', 'assertive', 'women', 'are', 'viewed', 'as', 'bossy', 'he', 'was', 'warned', 'that', 'mansplaining', 'is', 'not', 'appreciated', 'still', 'steve', 'persisted', 'in', 'tweeting', 'not', 'all', 'men', 'at', 'every', 'female', 'journalist', 'he', 'could', 'find']",{'journalist'},0
They're our new cartoon editors.,1.2,0.0619823193306326,60,50,8,2,they are our new cartoon editors,52,"['they', 'are', 'our', 'new', 'cartoon', 'editors']",{'editor'},-1
"I don't get it. Our new team of reporters never asks What, Why, Where and How...only Who.",1.088235294117647,0.0493748270390892,34,31,3,0,i do not get it our new team of reporters never asks what why where and how only who,52,"['i', 'do', 'not', 'get', 'it', 'our', 'new', 'team', 'of', 'reporters', 'never', 'asks', 'what', 'why', 'where', 'and', 'how', 'only', 'who']",{'reporter'},0
"The problem with these stubborn students,Dean, is that they've got the ""who"" down pat, but they'll never be good reporters until they get the ""what"", ""why"", ""where"", and ""when"".",1.0,0.0425628265379374,24,24,0,0,the problem with these stubborn students dean is that they have got the who down pat but they will never be good reporters until they get the what why where and when,52,"['the', 'problem', 'with', 'these', 'stubborn', 'students', 'dean', 'is', 'that', 'they', 'have', 'got', 'the', 'who', 'down', 'pat', 'but', 'they', 'will', 'never', 'be', 'good', 'reporters', 'until', 'they', 'get', 'the', 'what', 'why', 'where', 'and', 'when']","{'reporter', 'dean'}",0
His publicist might have oversold this story.,1.355072463768116,0.0542304526134261,138,101,25,12,his publicist might have oversold this story,54,"['his', 'publicist', 'might', 'have', 'oversold', 'this', 'story']",{'publicist'},2
"I'm Tim, the new embedded journalist.",1.5061728395061729,0.0826330890404025,81,52,17,12,i am tim the new embedded journalist,55,"['i', 'am', 'tim', 'the', 'new', 'embedded', 'journalist']",{'journalist'},0
"I don't care what the editors say. I don't lie down; I lay down. In fact, if I choose, I lay up.",1.0,0.0512989176042577,20,20,0,0,i do not care what the editors say i do not lie down i lay down in fact if i choose i lay up,55,"['i', 'do', 'not', 'care', 'what', 'the', 'editors', 'say', 'i', 'do', 'not', 'lie', 'down', 'i', 'lay', 'down', 'in', 'fact', 'if', 'i', 'choose', 'i', 'lay', 'up']",{'editor'},3
"Ah, you're reporters from the N. Y. Times. Welcome to the White House. Feel free to wander around and ask the administration staff anything you'd like.",1.6585998271391529,0.0240272672237271,1157,651,250,256,ah you are reporters from the n y times welcome to the white house feel free to wander around and ask the administration staff anything you would like,56,"['ah', 'you', 'are', 'reporters', 'from', 'the', 'n', 'y', 'times', 'welcome', 'to', 'the', 'white', 'house', 'feel', 'free', 'to', 'wander', 'around', 'and', 'ask', 'the', 'administration', 'staff', 'anything', 'you', 'would', 'like']",{'reporter'},0
"So I said to President Trump, lets invite a few TV reporters.",1.624,0.0258062790912623,875,481,242,152,so i said to president trump let us invite a few tv reporters,56,"['so', 'i', 'said', 'to', 'president', 'trump', 'let', 'us', 'invite', 'a', 'few', 'tv', 'reporters']","{'president', 'reporter'}",0
You two must be journalists.,1.3366336633663367,0.0617840822250403,101,75,18,8,you two must be journalists,56,"['you', 'two', 'must', 'be', 'journalists']",{'journalist'},0
Let me guess...you're journalists!,1.3103448275862069,0.0618487882523406,87,65,17,5,let me guess you are journalists,56,"['let', 'me', 'guess', 'you', 'are', 'journalists']",{'journalist'},0
I understand you are reporters embedded with the mafia.,1.15,0.0571771874896865,40,34,6,0,i understand you are reporters embedded with the mafia,56,"['i', 'understand', 'you', 'are', 'reporters', 'embedded', 'with', 'the', 'mafia']",{'reporter'},0
"Are you mob informers, or Russian journalists?",1.096774193548387,0.0711629768076314,31,29,1,1,are you mob informers or russian journalists,56,"['are', 'you', 'mob', 'informers', 'or', 'russian', 'journalists']",{'journalist'},0
It's our little way of welcoming cartoon editors.,1.096774193548387,0.0539780662280048,31,28,3,0,it is our little way of welcoming cartoon editors,56,"['it', 'is', 'our', 'little', 'way', 'of', 'welcoming', 'cartoon', 'editors']",{'editor'},3
Installation #1: Journalists; Fake News Award,1.0,0.0540738070435875,19,19,0,0,installation 1 journalists fake news award,56,"['installation', '1', 'journalists', 'fake', 'news', 'award']",{'journalist'},0
Sorry I'm late. Reporters had me cornered in the bushes.,1.0,0.0465242105199235,22,22,0,0,sorry i am late reporters had me cornered in the bushes,57,"['sorry', 'i', 'am', 'late', 'reporters', 'had', 'me', 'cornered', 'in', 'the', 'bushes']",{'reporter'},0
Color commentator is a 24/7 job.,1.0714285714285714,0.049563476177765,28,26,2,0,color commentator is a 24 7 job,60,"['color', 'commentator', 'is', 'a', '24', '7', 'job']",{'commentator'},-1
"Oh look. A large beachball and a small beachball. So unapparent that without color it would be indecipherable. There must be something funny in there somehow. Editors, try again.",1.0416666666666667,0.0425628265379374,24,23,1,0,oh look a large beachball and a small beachball so unapparent that without color it would be indecipherable there must be something funny in there somehow editors try again,60,"['oh', 'look', 'a', 'large', 'beachball', 'and', 'a', 'small', 'beachball', 'so', 'unapparent', 'that', 'without', 'color', 'it', 'would', 'be', 'indecipherable', 'there', 'must', 'be', 'something', 'funny', 'in', 'there', 'somehow', 'editors', 'try', 'again']",{'editor'},3
Journalists who made the mistake of reporting the truth.,1.0,0.0408248290463863,25,25,0,0,journalists who made the mistake of reporting the truth,63,"['journalists', 'who', 'made', 'the', 'mistake', 'of', 'reporting', 'the', 'truth']",{'journalist'},-1
"They want a car, driver and $100,000 in small bills by 5 o'clock. Oh, and a new publicist. They're tired of this ""everything's a hornet's nest"" business.",1.1764705882352942,0.0786538733437084,34,29,4,1,they want a car driver and 100 000 in small bills by 5 of the clock oh and a new publicist they are tired of this everything s a hornet s nest business,64,"['they', 'want', 'a', 'car', 'driver', 'and', '100', '000', 'in', 'small', 'bills', 'by', '5', 'of', 'the', 'clock', 'oh', 'and', 'a', 'new', 'publicist', 'they', 'are', 'tired', 'of', 'this', 'everything', 's', 'a', 'hornet', 's', 'nest', 'business']","{'driver', 'publicist'}",-1
"Honey, we are both journalists, but I think this is one time I can really say it's none of your beeswax.",1.0454545454545454,0.0465242105199235,22,21,1,0,honey we are both journalists but i think this is one time i can really say it is none of your beeswax,64,"['honey', 'we', 'are', 'both', 'journalists', 'but', 'i', 'think', 'this', 'is', 'one', 'time', 'i', 'can', 'really', 'say', 'it', 'is', 'none', 'of', 'your', 'beeswax']",{'journalist'},0
I'll be honest - I wasn't sure what a publicist did before I hired her.,1.5634118967452302,0.024167685234397,891,511,258,122,i will be honest i was not sure what a publicist did before i hired her,66,"['i', 'will', 'be', 'honest', 'i', 'was', 'not', 'sure', 'what', 'a', 'publicist', 'did', 'before', 'i', 'hired', 'her']",{'publicist'},2
These food bloggers are getting out of hand.,1.3115577889447236,0.0417509934209673,199,150,36,13,these food bloggers are getting out of hand,66,"['these', 'food', 'bloggers', 'are', 'getting', 'out', 'of', 'hand']",{'blogger'},-1
The deep dish comes with reporters.,1.2573529411764706,0.0466717125299745,136,108,21,7,the deep dish comes with reporters,66,"['the', 'deep', 'dish', 'comes', 'with', 'reporters']",{'reporter'},0
My publicist ordered us the pizzarazzi.,1.255639097744361,0.0408584898468625,133,101,30,2,my publicist ordered us the pizzarazzi,66,"['my', 'publicist', 'ordered', 'us', 'the', 'pizzarazzi']",{'publicist'},2
The lasagna needs a better publicist.,1.2156862745098038,0.0454222643288111,102,82,18,2,the lasagna needs a better publicist,66,"['the', 'lasagna', 'needs', 'a', 'better', 'publicist']",{'publicist'},2
Did you order food from Publishers Clearing House?,1.1470588235294117,0.0524413041271576,68,60,6,2,did you order food from publishers clearing house,66,"['did', 'you', 'order', 'food', 'from', 'publishers', 'clearing', 'house']",{'publisher'},-1
Food bloggers are getting out of hand.,1.1090909090909091,0.0497314489902673,55,50,4,1,food bloggers are getting out of hand,66,"['food', 'bloggers', 'are', 'getting', 'out', 'of', 'hand']",{'blogger'},-1
"They're not real journalists, just pizzarazzi",1.051282051282051,0.0357815751243261,39,37,2,0,they are not real journalists just pizzarazzi,66,"['they', 'are', 'not', 'real', 'journalists', 'just', 'pizzarazzi']",{'journalist'},0
You shouldn't have told the reporters where we are having dinner,1.0285714285714285,0.0289885517826224,35,34,1,0,you should not have told the reporters where we are having dinner,66,"['you', 'should', 'not', 'have', 'told', 'the', 'reporters', 'where', 'we', 'are', 'having', 'dinner']",{'reporter'},0
Pizza is free only if 20 reporters or less.,1.0,0.0377425678048198,27,27,0,0,pizza is free only if 20 reporters or less,66,"['pizza', 'is', 'free', 'only', 'if', '20', 'reporters', 'or', 'less']",{'reporter'},-1
"That food journalist has gone too far. The pizza may be ambrosial, but I didn't expect the paparazzi.",1.0,0.0363696483726653,28,28,0,0,that food journalist has gone too far the pizza may be ambrosial but i did not expect the paparazzi,66,"['that', 'food', 'journalist', 'has', 'gone', 'too', 'far', 'the', 'pizza', 'may', 'be', 'ambrosial', 'but', 'i', 'did', 'not', 'expect', 'the', 'paparazzi']",{'journalist'},0
I see the Trump Administration has begun their new policy for White House reporters,1.685459940652819,0.0290697868465634,674,331,224,119,i see the trump administration has begun their new policy for white house reporters,71,"['i', 'see', 'the', 'trump', 'administration', 'has', 'begun', 'their', 'new', 'policy', 'for', 'white', 'house', 'reporters']",{'reporter'},0
"""Fake News"" journalist.",1.0454545454545454,0.0465242105199235,22,21,1,0,fake news journalist,71,"['fake', 'news', 'journalist']",{'journalist'},0
I think the copy editors are here.,1.163265306122449,0.0607978331010866,49,42,6,1,i think the copy editors are here,72,"['i', 'think', 'the', 'copy', 'editors', 'are', 'here']",{'editor'},-1
"Sir, I believe your copywriter's here.",1.1521739130434785,0.0619130706182429,46,40,5,1,sir i believe your copywriter s here,72,"['sir', 'i', 'believe', 'your', 'copywriter', 's', 'here']",{'copywriter'},-1
I'm supposed to meet with the copy editors.,1.108108108108108,0.06465180222706,37,34,2,1,i am supposed to meet with the copy editors,72,"['i', 'am', 'supposed', 'to', 'meet', 'with', 'the', 'copy', 'editors']",{'editor'},1
think I opened the door to a gaggle of fake news reporters.,1.0,0.0487950036474266,21,21,0,0,think i opened the door to a gaggle of fake news reporters,72,"['think', 'i', 'opened', 'the', 'door', 'to', 'a', 'gaggle', 'of', 'fake', 'news', 'reporters']",{'reporter'},0
"I'm sorry, Master. I still do not have enough power to prevent the Cartoon Editors from picking lame and toothless Caption Finalists.",1.35,0.0625630994607956,100,73,19,8,i am sorry master i still do not have enough power to prevent the cartoon editors from picking lame and toothless caption finalists,73,"['i', 'am', 'sorry', 'master', 'i', 'still', 'do', 'not', 'have', 'enough', 'power', 'to', 'prevent', 'the', 'cartoon', 'editors', 'from', 'picking', 'lame', 'and', 'toothless', 'caption', 'finalists']",{'editor'},-1
"Tuesday, it's tuned to Mexicans, Wednesdays to Muslims, Saturdays to reporters.",1.2153846153846153,0.055868611716669,65,52,12,1,tuesday it is tuned to mexicans wednesdays to muslims saturdays to reporters,74,"['tuesday', 'it', 'is', 'tuned', 'to', 'mexicans', 'wednesdays', 'to', 'muslims', 'saturdays', 'to', 'reporters']",{'reporter'},0
Honey look we must be a finalist in the Publishers Clearing House Sweepstakes!,1.0,0.0487950036474266,21,21,0,0,honey look we must be a finalist in the publishers clearing house sweepstakes,74,"['honey', 'look', 'we', 'must', 'be', 'a', 'finalist', 'in', 'the', 'publishers', 'clearing', 'house', 'sweepstakes']",{'publisher'},1
"Seriously, you reporters would do anything for a buck.",1.1282051282051282,0.0655042434521543,39,35,3,1,seriously you reporters would do anything for a buck,76,"['seriously', 'you', 'reporters', 'would', 'do', 'anything', 'for', 'a', 'buck']",{'reporter'},0
Is this your first time dining at Publishers Clearing House?,1.375,0.0470591853853618,128,83,42,3,is this your first time dining at publishers clearing house,77,"['is', 'this', 'your', 'first', 'time', 'dining', 'at', 'publishers', 'clearing', 'house']",{'publisher'},1
I hate editors.,1.3113207547169812,0.0525422134607827,106,77,25,4,i hate editors,78,"['i', 'hate', 'editors']",{'editor'},3
"Sheesh, editors.",1.3113207547169812,0.0574436049818423,106,80,19,7,sheesh editors,78,"['sheesh', 'editors']",{'editor'},3
Orgg like new publicist. He fake news good.,1.2872340425531914,0.0515651627462198,94,69,23,2,orgg like new publicist he fake news good,78,"['orgg', 'like', 'new', 'publicist', 'he', 'fake', 'news', 'good']",{'publicist'},-1
He is a food blogger,1.2432432432432432,0.0632654849708813,74,60,10,4,he is a food blogger,78,"['he', 'is', 'a', 'food', 'blogger']",{'blogger'},-1
I hate editors.,1.2285714285714286,0.0581688431661773,70,56,12,2,i hate editors,78,"['i', 'hate', 'editors']",{'editor'},3
"He used to be an Op-Ed columnist, but agreed to take over the sports section after he ate Thag.",1.2153846153846153,0.0675544925778857,65,55,6,4,he used to be an op ed columnist but agreed to take over the sports section after he ate thag,78,"['he', 'used', 'to', 'be', 'an', 'op', 'ed', 'columnist', 'but', 'agreed', 'to', 'take', 'over', 'the', 'sports', 'section', 'after', 'he', 'ate', 'thag']",{'columnist'},-1
"These dinosaur reporters with the cave news network, it's all fake.",1.1458333333333333,0.0514814513637228,48,41,7,0,these dinosaur reporters with the cave news network it is all fake,78,"['these', 'dinosaur', 'reporters', 'with', 'the', 'cave', 'news', 'network', 'it', 'is', 'all', 'fake']",{'reporter'},0
Origin of the typical tabloid journalist.,1.0975609756097562,0.068118244115946,41,39,0,2,origin of the typical tabloid journalist,78,"['origin', 'of', 'the', 'typical', 'tabloid', 'journalist']",{'journalist'},0
so the antivax bloggers literally are a bunch of quacks after all...,1.0,0.0444554224474387,23,23,0,0,so the antivax bloggers literally are a bunch of quacks after all,80,"['so', 'the', 'antivax', 'bloggers', 'literally', 'are', 'a', 'bunch', 'of', 'quacks', 'after', 'all']",{'blogger'},-1
Research says one will be a famous vlogger.,1.0,0.1336306209562122,8,8,0,0,research says one will be a famous vlogger,80,"['research', 'says', 'one', 'will', 'be', 'a', 'famous', 'vlogger']",{'vlogger'},-1
"Yes, I'm a columnist. I'd like to report a missing wife.",1.0,0.0465242105199235,22,22,0,0,yes i am a columnist i would like to report a missing wife,81,"['yes', 'i', 'am', 'a', 'columnist', 'i', 'would', 'like', 'to', 'report', 'a', 'missing', 'wife']",{'columnist'},0
Hello Daily Chronicle? this is the mayor. I’d like your reporters to please quit stabbing me in the back everytime they write something about me!,1.1521739130434785,0.0692777878418383,46,41,3,2,hello daily chronicle this is the mayor i would like your reporters to please quit stabbing me in the back everytime they write something about me,82,"['hello', 'daily', 'chronicle', 'this', 'is', 'the', 'mayor', 'i', 'would', 'like', 'your', 'reporters', 'to', 'please', 'quit', 'stabbing', 'me', 'in', 'the', 'back', 'everytime', 'they', 'write', 'something', 'about', 'me']","{'mayor', 'reporter'}",0
"Keep walking, it's just a couple of reporters turning over a new leaf.",1.1363636363636365,0.0523335889830298,44,38,6,0,keep walking it is just a couple of reporters turning over a new leaf,82,"['keep', 'walking', 'it', 'is', 'just', 'a', 'couple', 'of', 'reporters', 'turning', 'over', 'a', 'new', 'leaf']",{'reporter'},0
"""Boy, this snow is REALLY piling up..."" (Note to Editors: today's contest page shows the caption ""Drawing by Drew Dernavich, Contest #595... but the field is completely white/blank; hence the ""snow joke""....",1.2153846153846153,0.0675544925778857,65,55,6,4,boy this snow is really piling up note to editors today s contest page shows the caption drawing by drew dernavich contest 595 but the field is completely white blank hence the snow joke,83,"['boy', 'this', 'snow', 'is', 'really', 'piling', 'up', 'note', 'to', 'editors', 'today', 's', 'contest', 'page', 'shows', 'the', 'caption', 'drawing', 'by', 'drew', 'dernavich', 'contest', '595', 'but', 'the', 'field', 'is', 'completely', 'white', 'blank', 'hence', 'the', 'snow', 'joke']",{'editor'},-1
You're glad to see me -- I'm going to guess journalist.,1.1,0.0480384461415261,40,36,4,0,you are glad to see me i am going to guess journalist,84,"['you', 'are', 'glad', 'to', 'see', 'me', 'i', 'am', 'going', 'to', 'guess', 'journalist']",{'journalist'},0
My publicist said it would message to a younger demographic. And here you are!,1.2195121951219512,0.0576159664646864,82,68,10,4,my publicist said it would message to a younger demographic and here you are,86,"['my', 'publicist', 'said', 'it', 'would', 'message', 'to', 'a', 'younger', 'demographic', 'and', 'here', 'you', 'are']",{'publicist'},2
"Sorry Bob, but the editors want you staring at an ass.",1.1320754716981132,0.054130787224881,53,47,5,1,sorry bob but the editors want you staring at an ass,92,"['sorry', 'bob', 'but', 'the', 'editors', 'want', 'you', 'staring', 'at', 'an', 'ass']",{'editor'},3
"Don’t worry, Sir, that’s just one of those outcasted journalists, trying to hitch a ride to heaven.",1.125,0.1336306209562122,8,7,1,0,do not worry sir that is just one of those outcasted journalists trying to hitch a ride to heaven,94,"['do', 'not', 'worry', 'sir', 'that', 'is', 'just', 'one', 'of', 'those', 'outcasted', 'journalists', 'trying', 'to', 'hitch', 'a', 'ride', 'to', 'heaven']",{'journalist'},0
"Within 2 hours, President Trump fired the Secretary of State, declared war on China, partied with Kim Jong Un, dissolved half the federal work force, had a pillow fight with Oval Office reporters, and insulted mothers everywhere via Twitter.",1.1940298507462686,0.0610432666442441,67,57,7,3,within 2 hours president trump fired the secretary of state declared war on china partied with kim jong un dissolved half the federal work force had a pillow fight with oval office reporters and insulted mothers everywhere via twitter,97,"['within', '2', 'hours', 'president', 'trump', 'fired', 'the', 'secretary', 'of', 'state', 'declared', 'war', 'on', 'china', 'partied', 'with', 'kim', 'jong', 'un', 'dissolved', 'half', 'the', 'federal', 'work', 'force', 'had', 'a', 'pillow', 'fight', 'with', 'oval', 'office', 'reporters', 'and', 'insulted', 'mothers', 'everywhere', 'via', 'twitter']","{'president', 'reporter', 'secretary'}",0
All I know is that my agency got a call from your publicist.,1.2150537634408602,0.0479828315037688,93,75,16,2,all i know is that my agency got a call from your publicist,99,"['all', 'i', 'know', 'is', 'that', 'my', 'agency', 'got', 'a', 'call', 'from', 'your', 'publicist']",{'publicist'},-1
My publicist told me no one even remembers Pizza Rat.,1.1071428571428572,0.0551183580595091,56,52,2,2,my publicist told me no one even remembers pizza rat,99,"['my', 'publicist', 'told', 'me', 'no', 'one', 'even', 'remembers', 'pizza', 'rat']",{'publicist'},-1
Warn the reporters that this is pretty graphic.,1.2878787878787878,0.0639243124537242,66,49,15,2,warn the reporters that this is pretty graphic,100,"['warn', 'the', 'reporters', 'that', 'this', 'is', 'pretty', 'graphic']",{'reporter'},-1
And just tell the reporters that it's an 'evolving' case.,1.2769230769230768,0.0639549582627534,65,49,14,2,and just tell the reporters that it is an evolving case,100,"['and', 'just', 'tell', 'the', 'reporters', 'that', 'it', 'is', 'an', 'evolving', 'case']",{'reporter'},0
Tell the reporters that the situation is evolving rapidly.,1.2083333333333333,0.0662999666605966,48,39,8,1,tell the reporters that the situation is evolving rapidly,100,"['tell', 'the', 'reporters', 'that', 'the', 'situation', 'is', 'evolving', 'rapidly']",{'reporter'},0
"As your publicist, I think it's time to admit that prolonged exposure to solitude and altitude has not overcome your ""Composer's Block"".",1.25,0.0558535705439939,84,66,15,3,as your publicist i think it is time to admit that prolonged exposure to solitude and altitude has not overcome your composer s block,102,"['as', 'your', 'publicist', 'i', 'think', 'it', 'is', 'time', 'to', 'admit', 'that', 'prolonged', 'exposure', 'to', 'solitude', 'and', 'altitude', 'has', 'not', 'overcome', 'your', 'composer', 's', 'block']","{'composer', 'publicist'}",2
You revised my whole poem! Where do you editors get the idea you can put words in my mouth?,1.1935483870967742,0.0505846813054177,62,50,12,0,you revised my whole poem where do you editors get the idea you can put words in my mouth,104,"['you', 'revised', 'my', 'whole', 'poem', 'where', 'do', 'you', 'editors', 'get', 'the', 'idea', 'you', 'can', 'put', 'words', 'in', 'my', 'mouth']",{'editor'},-1
"Hey! Fake news journalist! Whaddya mean only a dummy would vote for Trump, you loser!",1.1538461538461535,0.0693897955680147,52,47,2,3,hey fake news journalist whaddya mean only a dummy would vote for trump you loser,104,"['hey', 'fake', 'news', 'journalist', 'whaddya', 'mean', 'only', 'a', 'dummy', 'would', 'vote', 'for', 'trump', 'you', 'loser']",{'journalist'},0
The commentator said the definition of hell is nudity over forty.,1.3724137931034484,0.0535563115274562,145,104,28,13,the commentator said the definition of hell is nudity over forty,105,"['the', 'commentator', 'said', 'the', 'definition', 'of', 'hell', 'is', 'nudity', 'over', 'forty']",{'commentator'},-1
Ever notice they haven't had to go outside for a single commentator.,1.2394366197183098,0.0617152177470609,71,57,11,3,ever notice they have not had to go outside for a single commentator,105,"['ever', 'notice', 'they', 'have', 'not', 'had', 'to', 'go', 'outside', 'for', 'a', 'single', 'commentator']",{'commentator'},-1
Looks like the editors of the New Yorker Cartoon Caption Contest are trying to find a funny caption.,1.1894736842105262,0.0456255189839455,95,79,14,2,looks like the editors of the new yorker cartoon caption contest are trying to find a funny caption,108,"['looks', 'like', 'the', 'editors', 'of', 'the', 'new', 'yorker', 'cartoon', 'caption', 'contest', 'are', 'trying', 'to', 'find', 'a', 'funny', 'caption']",{'editor'},3
So how long have you been a journalist?,1.3316062176165804,0.0418101594611675,193,140,42,11,so how long have you been a journalist,109,"['so', 'how', 'long', 'have', 'you', 'been', 'a', 'journalist']",{'journalist'},0
It’s popular with both White House staff and White House reporters. And it comes with a second helmet.,1.2753623188405796,0.0490770803547449,138,109,20,9,it is popular with both white house staff and white house reporters and it comes with a second helmet,109,"['it', 'is', 'popular', 'with', 'both', 'white', 'house', 'staff', 'and', 'white', 'house', 'reporters', 'and', 'it', 'comes', 'with', 'a', 'second', 'helmet']",{'reporter'},0
"Reporters can’t touch you while you’re wearing that, Ms Huckabee Sanders.",1.126984126984127,0.0530293926364563,63,57,4,2,reporters can not touch you while you are wearing that ms huckabee sanders,109,"['reporters', 'can', 'not', 'touch', 'you', 'while', 'you', 'are', 'wearing', 'that', 'ms', 'huckabee', 'sanders']","{'reporter', 'sander'}",0
And  impenetrable to the slings and arrows of outraged journalists.,1.105263157894737,0.0410101959196831,57,51,6,0,and impenetrable to the slings and arrows of outraged journalists,109,"['and', 'impenetrable', 'to', 'the', 'slings', 'and', 'arrows', 'of', 'outraged', 'journalists']",{'journalist'},-1
"I told you so!"" said the corpse to the journalist who thought he could expose the CIA",1.1095890410958904,0.0416627570568371,73,66,6,1,i told you so said the corpse to the journalist who thought he could expose the cia,112,"['i', 'told', 'you', 'so', 'said', 'the', 'corpse', 'to', 'the', 'journalist', 'who', 'thought', 'he', 'could', 'expose', 'the', 'cia']",{'journalist'},-1
I used to be a journalist too!,1.0517241379310345,0.029334355490462,58,55,3,0,i used to be a journalist too,112,"['i', 'used', 'to', 'be', 'a', 'journalist', 'too']",{'journalist'},-1
This is where we seat journalists here at Trump International,1.273972602739726,0.0450901034058396,146,113,26,7,this is where we seat journalists here at trump international,115,"['this', 'is', 'where', 'we', 'seat', 'journalists', 'here', 'at', 'trump', 'international']",{'journalist'},0
A facelift is maybe the best for a journalist these days.,1.1071428571428572,0.0339495134209541,84,75,9,0,a facelift is maybe the best for a journalist these days,117,"['a', 'facelift', 'is', 'maybe', 'the', 'best', 'for', 'a', 'journalist', 'these', 'days']",{'journalist'},0
I bet you $1 that the editors change this to the ‘meme’ contest.,1.1830985915492958,0.0542364565702777,71,60,9,2,i bet you 1 that the editors change this to the ‘ meme ’ contest,120,"['i', 'bet', 'you', '1', 'that', 'the', 'editors', 'change', 'this', 'to', 'the', '‘', 'meme', '’', 'contest']",{'editor'},-1
Pharaoh's publicist insisted he switch to making everyone else's hearts harden.,1.1153846153846154,0.0407258862695947,78,70,7,1,pharaoh s publicist insisted he switch to making everyone else s hearts harden,122,"['pharaoh', 's', 'publicist', 'insisted', 'he', 'switch', 'to', 'making', 'everyone', 'else', 's', 'hearts', 'harden']",{'publicist'},2
"Yes, there’s no crowd. I’m your publicist, not a frickin’ magician.",1.358974358974359,0.0450780727478352,195,141,38,16,yes there is no crowd i am your publicist not a frickin ’ magician,125,"['yes', 'there', 'is', 'no', 'crowd', 'i', 'am', 'your', 'publicist', 'not', 'a', 'frickin', '’', 'magician']","{'publicist', 'magician'}",-1
Performance art without a publicist is a lonely art.,1.252212389380531,0.0361967457278187,226,181,33,12,performance art without a publicist is a lonely art,125,"['performance', 'art', 'without', 'a', 'publicist', 'is', 'a', 'lonely', 'art']",{'publicist'},2
"Al Franken started this for reporters, 20 year ago.",1.1125,0.0306987544049034,160,146,10,4,al franken started this for reporters 20 year ago,126,"['al', 'franken', 'started', 'this', 'for', 'reporters', '20', 'year', 'ago']",{'reporter'},0
"oh hello you wonderful editors--im still tryin to get one of you get back to me about ""the real story of I Love New', coined by yours truly and made famous by milton glaser's heart logo---he was asked to make that because of the first thing ever sold",1.0625,0.0245837996971007,160,153,4,3,oh hello you wonderful editors i am still tryin to get one of you get back to me about the real story of i love new coined by yours truly and made famous by milton glaser s heart logo he was asked to make that because of the first thing ever sold,126,"['oh', 'hello', 'you', 'wonderful', 'editors', 'i', 'am', 'still', 'tryin', 'to', 'get', 'one', 'of', 'you', 'get', 'back', 'to', 'me', 'about', 'the', 'real', 'story', 'of', 'i', 'love', 'new', 'coined', 'by', 'yours', 'truly', 'and', 'made', 'famous', 'by', 'milton', 'glaser', 's', 'heart', 'logo', 'he', 'was', 'asked', 'to', 'make', 'that', 'because', 'of', 'the', 'first', 'thing', 'ever', 'sold']",{'editor'},-1
I was just standing in front of my sheep wagon when some people from publishers clearing house drove up.,1.2125,0.0369721763478885,160,130,26,4,i was just standing in front of my sheep wagon when some people from publishers clearing house drove up,129,"['i', 'was', 'just', 'standing', 'in', 'front', 'of', 'my', 'sheep', 'wagon', 'when', 'some', 'people', 'from', 'publishers', 'clearing', 'house', 'drove', 'up']",{'publisher'},1
It’s as distasteful as the Christopher Buckley ‘Shouts and Murmurs’  piece found earlier in this edition of The New Yorker.  There’s cute and then there’s sick.  Writers should be sober when they submit their work; so should editors.,1.1300813008130082,0.0382186125798296,123,111,8,4,it is as distasteful as the christopher buckley ‘ shouts and murmurs ’ piece found earlier in this edition of the new yorker there is cute and then there is sick writers should be sober when they submit their work so should editors,133,"['it', 'is', 'as', 'distasteful', 'as', 'the', 'christopher', 'buckley', '‘', 'shouts', 'and', 'murmurs', '’', 'piece', 'found', 'earlier', 'in', 'this', 'edition', 'of', 'the', 'new', 'yorker', 'there', 'is', 'cute', 'and', 'then', 'there', 'is', 'sick', 'writers', 'should', 'be', 'sober', 'when', 'they', 'submit', 'their', 'work', 'so', 'should', 'editors']","{'editor', 'writer'}",3
"No, can't be.  New Yorker editors would have caught that typo.",1.335820895522388,0.0518364678335414,134,98,27,9,no can not be new yorker editors would have caught that typo,140,"['no', 'can', 'not', 'be', 'new', 'yorker', 'editors', 'would', 'have', 'caught', 'that', 'typo']",{'editor'},3
"spent all those years prepping for civilizational collapse and not a single one of the cryptoracist bloggers i read accounted for the shit that matters most. maintaining keto next to a magic candy island, and returning the love of a good man.",1.1096774193548389,0.0267930390316523,155,139,15,1,spent all those years prepping for civilizational collapse and not a single one of the cryptoracist bloggers i read accounted for the shit that matters most maintaining keto next to a magic candy island and returning the love of a good man,140,"['spent', 'all', 'those', 'years', 'prepping', 'for', 'civilizational', 'collapse', 'and', 'not', 'a', 'single', 'one', 'of', 'the', 'cryptoracist', 'bloggers', 'i', 'read', 'accounted', 'for', 'the', 'shit', 'that', 'matters', 'most', 'maintaining', 'keto', 'next', 'to', 'a', 'magic', 'candy', 'island', 'and', 'returning', 'the', 'love', 'of', 'a', 'good', 'man']",{'blogger'},-1
We have probably come close to the island of the marine hockey Playground. The game will start soon with Mr.Trump and  other side wonderfull Journalists,1.080536912751678,0.0243112610471579,149,138,10,1,we have probably come close to the island of the marine hockey playground the game will start soon with mr trump and other side wonderfull journalists,140,"['we', 'have', 'probably', 'come', 'close', 'to', 'the', 'island', 'of', 'the', 'marine', 'hockey', 'playground', 'the', 'game', 'will', 'start', 'soon', 'with', 'mr', 'trump', 'and', 'other', 'side', 'wonderfull', 'journalists']",{'journalist'},0
"This is Charlie Goodblood. His book, ""Insectism and the American Founding"" was just named best history book of the year by the Independent Publishers Association.",1.180232558139535,0.031623201664377,172,143,27,2,this is charlie goodblood his book insectism and the american founding was just named best history book of the year by the independent publishers association,141,"['this', 'is', 'charlie', 'goodblood', 'his', 'book', 'insectism', 'and', 'the', 'american', 'founding', 'was', 'just', 'named', 'best', 'history', 'book', 'of', 'the', 'year', 'by', 'the', 'independent', 'publishers', 'association']",{'publisher'},-1
"Is that blood from a journalist, Typo?",1.1741935483870969,0.0356264037602872,155,132,19,4,is that blood from a journalist typo,141,"['is', 'that', 'blood', 'from', 'a', 'journalist', 'typo']",{'journalist'},-1
"I know they're just dogs, but they still shouldn't be tweeting out journalists' home addresses.",1.299465240641711,0.0419570228856005,187,142,34,11,i know they are just dogs but they still should not be tweeting out journalists home addresses,146,"['i', 'know', 'they', 'are', 'just', 'dogs', 'but', 'they', 'still', 'should', 'not', 'be', 'tweeting', 'out', 'journalists', 'home', 'addresses']",{'journalist'},0
"We couldn't just stop at journalists with the 'learn to code' thing, could we?",1.261111111111111,0.0388888888888888,180,140,33,7,we could not just stop at journalists with the learn to code thing could we,146,"['we', 'could', 'not', 'just', 'stop', 'at', 'journalists', 'with', 'the', 'learn', 'to', 'code', 'thing', 'could', 'we']",{'journalist'},0
Now a word from some Particularly dogged  reporters,1.1843575418994414,0.0311498920011222,179,148,29,2,now a word from some particularly dogged reporters,146,"['now', 'a', 'word', 'from', 'some', 'particularly', 'dogged', 'reporters']",{'reporter'},0
He’s a natural Vlogger.  Next stop...reality TV. Then POTUS!,1.2054794520547945,0.0615592180945788,73,62,7,4,he is a natural vlogger next stop reality tv then potus,157,"['he', 'is', 'a', 'natural', 'vlogger', 'next', 'stop', 'reality', 'tv', 'then', 'potus']",{'vlogger'},-1
"Wow, our very own obnoxious commentator.",1.2028985507246377,0.0487687714747266,69,55,14,0,wow our very own obnoxious commentator,157,"['wow', 'our', 'very', 'own', 'obnoxious', 'commentator']",{'commentator'},-1
"My son the radio commentator. His gibberish already has 100,000 followers.",1.1940298507462686,0.0531197922986632,67,55,11,1,my son the radio commentator his gibberish already has 100 000 followers,157,"['my', 'son', 'the', 'radio', 'commentator', 'his', 'gibberish', 'already', 'has', '100', '000', 'followers']",{'commentator'},0
He's a commentator tot!,1.1774193548387095,0.058737796974655,62,53,7,2,he is a commentator tot,157,"['he', 'is', 'a', 'commentator', 'tot']",{'commentator'},-1
He's a blogger!,1.1666666666666667,0.0462250163521024,66,55,11,0,he is a blogger,157,"['he', 'is', 'a', 'blogger']",{'blogger'},-1
Tell the New Yorker editors that the caption contest finalists are not available on the iPad app.,1.2695652173913043,0.0528685013341912,115,91,17,7,tell the new yorker editors that the caption contest finalists are not available on the ipad app,160,"['tell', 'the', 'new', 'yorker', 'editors', 'that', 'the', 'caption', 'contest', 'finalists', 'are', 'not', 'available', 'on', 'the', 'ipad', 'app']",{'editor'},-1
"Well, I’m trying to think of a stupid pun to say, something that will satisfy the cartoon editors.",1.1408450704225352,0.046163800079517,71,62,8,1,well i am trying to think of a stupid pun to say something that will satisfy the cartoon editors,168,"['well', 'i', 'am', 'trying', 'to', 'think', 'of', 'a', 'stupid', 'pun', 'to', 'say', 'something', 'that', 'will', 'satisfy', 'the', 'cartoon', 'editors']",{'editor'},-1
I know you have claws but I’m busy trying to think of a stupid pun that the editors would choose to win the cartoon contest.,1.1492537313432836,0.0531832947628186,67,59,6,2,i know you have claws but i am busy trying to think of a stupid pun that the editors would choose to win the cartoon contest,169,"['i', 'know', 'you', 'have', 'claws', 'but', 'i', 'am', 'busy', 'trying', 'to', 'think', 'of', 'a', 'stupid', 'pun', 'that', 'the', 'editors', 'would', 'choose', 'to', 'win', 'the', 'cartoon', 'contest']",{'editor'},-1
"I’m trying to think of a stupid play on words that, as usual, the editors will think is the funniest caption. Maybe I should turn over a new page.",1.175257731958763,0.0463678823660262,97,83,11,3,i am trying to think of a stupid play on words that as usual the editors will think is the funniest caption maybe i should turn over a new page,170,"['i', 'am', 'trying', 'to', 'think', 'of', 'a', 'stupid', 'play', 'on', 'words', 'that', 'as', 'usual', 'the', 'editors', 'will', 'think', 'is', 'the', 'funniest', 'caption', 'maybe', 'i', 'should', 'turn', 'over', 'a', 'new', 'page']",{'editor'},-1
"Hey, let's think of a dumb play on words to say to those guys. Then the editors will be sure to pick what we say for the best caption.",1.1862745098039216,0.049713588843674,102,88,9,5,hey let us think of a dumb play on words to say to those guys then the editors will be sure to pick what we say for the best caption,171,"['hey', 'let', 'us', 'think', 'of', 'a', 'dumb', 'play', 'on', 'words', 'to', 'say', 'to', 'those', 'guys', 'then', 'the', 'editors', 'will', 'be', 'sure', 'to', 'pick', 'what', 'we', 'say', 'for', 'the', 'best', 'caption']",{'editor'},-1
"We have Roy here who is going to come up with a dumb play on words, which the editors will choose as the winning caption.",1.1978021978021978,0.0474496847317546,91,75,14,2,we have roy here who is going to come up with a dumb play on words which the editors will choose as the winning caption,172,"['we', 'have', 'roy', 'here', 'who', 'is', 'going', 'to', 'come', 'up', 'with', 'a', 'dumb', 'play', 'on', 'words', 'which', 'the', 'editors', 'will', 'choose', 'as', 'the', 'winning', 'caption']",{'editor'},-1
So how much did this so called publicist charge us to make you 'The Big Man' on the street' by thanksgiving,1.2254901960784317,0.0500569715127605,102,83,15,4,so how much did this so called publicist charge us to make you the big man on the street by thanksgiving,175,"['so', 'how', 'much', 'did', 'this', 'so', 'called', 'publicist', 'charge', 'us', 'to', 'make', 'you', 'the', 'big', 'man', 'on', 'the', 'street', 'by', 'thanksgiving']",{'publicist'},2
I still say retired All Stars don't always make the best color commentators.,1.118421052631579,0.0417473825764589,76,68,7,1,i still say retired all stars do not always make the best color commentators,181,"['i', 'still', 'say', 'retired', 'all', 'stars', 'do', 'not', 'always', 'make', 'the', 'best', 'color', 'commentators']",{'commentator'},0
"And now one for our east coast blogger fans, ‘take that snow and shove it.",1.2769230769230768,0.0414660474528274,195,154,28,13,and now one for our east coast blogger fans ‘ take that snow and shove it,182,"['and', 'now', 'one', 'for', 'our', 'east', 'coast', 'blogger', 'fans', '‘', 'take', 'that', 'snow', 'and', 'shove', 'it']",{'blogger'},-1
Our next speaker is a rye commentator on today's events.,1.3225806451612905,0.1171993685457093,31,23,4,3,our next speaker is a rye commentator on today s events,183,"['our', 'next', 'speaker', 'is', 'a', 'rye', 'commentator', 'on', 'today', 's', 'events']",{'commentator'},0
I think the editors should pick a caption. Letting people vote is how we got Trump.,1.8687053829828284,0.0085019207082182,10366,4653,2421,3292,i think the editors should pick a caption letting people vote is how we got trump,186,"['i', 'think', 'the', 'editors', 'should', 'pick', 'a', 'caption', 'letting', 'people', 'vote', 'is', 'how', 'we', 'got', 'trump']",{'editor'},-1
"Unrecognized at the opera, stood up by the limo driver, and rejected by Uber, King Leonard and Lady Lovette consider changing publicists.",1.2254901960784317,0.0519599601404217,102,84,13,5,unrecognized at the opera stood up by the limo driver and rejected by uber king leonard and lady lovette consider changing publicists,186,"['unrecognized', 'at', 'the', 'opera', 'stood', 'up', 'by', 'the', 'limo', 'driver', 'and', 'rejected', 'by', 'uber', 'king', 'leonard', 'and', 'lady', 'lovette', 'consider', 'changing', 'publicists']","{'driver', 'publicist'}",2
"Just remember, future journalists, this session is ""embargoed.""",1.148648648648649,0.0416364283177931,74,63,11,0,just remember future journalists this session is embargoed,187,"['just', 'remember', 'future', 'journalists', 'this', 'session', 'is', 'embargoed']",{'journalist'},0
Okay ... which one of you wrote the paper's advice columnist and signed it 'Therapist-from-Hell Survivor,1.0925925925925926,0.0398154242392375,54,49,5,0,okay which one of you wrote the paper s advice columnist and signed it therapist from hell survivor,187,"['okay', 'which', 'one', 'of', 'you', 'wrote', 'the', 'paper', 's', 'advice', 'columnist', 'and', 'signed', 'it', 'therapist', 'from', 'hell', 'survivor']",{'columnist'},-1
"Yep, it’s another one of ‘em blogger’s camps all right.",1.25,0.0468380330958376,104,80,22,2,yep it is another one of ‘ them blogger ’ s camps all right,193,"['yep', 'it', 'is', 'another', 'one', 'of', '‘', 'them', 'blogger', '’', 's', 'camps', 'all', 'right']",{'blogger'},0
Those hoity-toity publishers can kiss my World Atlas.,1.322314049586777,0.0565476907297501,121,92,19,10,those hoity toity publishers can kiss my world atlas,195,"['those', 'hoity', 'toity', 'publishers', 'can', 'kiss', 'my', 'world', 'atlas']",{'publisher'},1
yeah cool whatever man. look I don't really have time for this that cottagecore blogger I met on tinder is going to be here in 30 minutes and if she sees that I don't actually have a sourdough starter-,1.15,0.0522110017196086,60,54,4,2,yeah cool whatever man look i do not really have time for this that cottagecore blogger i met on tinder is going to be here in 30 minutes and if she sees that i do not actually have a sourdough starter,196,"['yeah', 'cool', 'whatever', 'man', 'look', 'i', 'do', 'not', 'really', 'have', 'time', 'for', 'this', 'that', 'cottagecore', 'blogger', 'i', 'met', 'on', 'tinder', 'is', 'going', 'to', 'be', 'here', 'in', '30', 'minutes', 'and', 'if', 'she', 'sees', 'that', 'i', 'do', 'not', 'actually', 'have', 'a', 'sourdough', 'starter']","{'blogger', 'starter'}",-1
"Excuse me, the secret service said female reporters are to report here for the daily briefing?""",1.1805555555555556,0.0497505077745136,72,60,11,1,excuse me the secret service said female reporters are to report here for the daily briefing,197,"['excuse', 'me', 'the', 'secret', 'service', 'said', 'female', 'reporters', 'are', 'to', 'report', 'here', 'for', 'the', 'daily', 'briefing']",{'reporter'},0
Andrew Bird should consider a new publicist.,1.1076923076923078,0.038748926306942,65,58,7,0,andrew bird should consider a new publicist,198,"['andrew', 'bird', 'should', 'consider', 'a', 'new', 'publicist']",{'publicist'},2
"Commentator, spectator, coach and sponsor. All is me!",1.353846153846154,0.0544518283020041,130,94,26,10,commentator spectator coach and sponsor all is me,199,"['commentator', 'spectator', 'coach', 'and', 'sponsor', 'all', 'is', 'me']","{'sponsor', 'commentator'}",-1
"Hernandez looks in, and... excuse me, could all the color commentators please go on mute?",1.1864406779661016,0.0615149493654456,59,50,7,2,hernandez looks in and excuse me could all the color commentators please go on mute,199,"['hernandez', 'looks', 'in', 'and', 'excuse', 'me', 'could', 'all', 'the', 'color', 'commentators', 'please', 'go', 'on', 'mute']",{'commentator'},-1
"Yeah, I've been trying out some work-from-home side hustles, but I don't know how I feel about this sports commentator one.""",1.127659574468085,0.0492029089619693,47,41,6,0,yeah i have been trying out some work from home side hustles but i do not know how i feel about this sports commentator one,199,"['yeah', 'i', 'have', 'been', 'trying', 'out', 'some', 'work', 'from', 'home', 'side', 'hustles', 'but', 'i', 'do', 'not', 'know', 'how', 'i', 'feel', 'about', 'this', 'sports', 'commentator', 'one']",{'commentator'},-1
"When you address the reporters, tell them everything is under control.",1.4623655913978495,0.0500614441234956,186,120,46,20,when you address the reporters tell them everything is under control,200,"['when', 'you', 'address', 'the', 'reporters', 'tell', 'them', 'everything', 'is', 'under', 'control']",{'reporter'},0
"As your publicist, I'm telling you this deal will immortalize you.",1.2413793103448276,0.0617860055555324,58,45,12,1,as your publicist i am telling you this deal will immortalize you,200,"['as', 'your', 'publicist', 'i', 'am', 'telling', 'you', 'this', 'deal', 'will', 'immortalize', 'you']",{'publicist'},-1
You're asking me which one of these clowns is the Times media columnist?,1.3304347826086955,0.0588754767201841,115,87,18,10,you are asking me which one of these clowns is the times media columnist,201,"['you', 'are', 'asking', 'me', 'which', 'one', 'of', 'these', 'clowns', 'is', 'the', 'times', 'media', 'columnist']","{'media', 'clown', 'columnist'}",0
Madison Avenue publicist.,1.2121212121212122,0.0591909379882662,66,54,10,2,madison avenue publicist,201,"['madison', 'avenue', 'publicist']",{'publicist'},2
"See, there’s your problem. There’s a journalist in the engine.",1.1666666666666667,0.0633890299066702,54,47,5,2,see there is your problem there is a journalist in the engine,201,"['see', 'there', 'is', 'your', 'problem', 'there', 'is', 'a', 'journalist', 'in', 'the', 'engine']",{'journalist'},0
Make it a stiff one. I know this looks like a funny situation but the editors are only going to pick a dumb play on words for a caption.,1.3392226148409894,0.0356512983458477,283,209,54,20,make it a stiff one i know this looks like a funny situation but the editors are only going to pick a dumb play on words for a caption,203,"['make', 'it', 'a', 'stiff', 'one', 'i', 'know', 'this', 'looks', 'like', 'a', 'funny', 'situation', 'but', 'the', 'editors', 'are', 'only', 'going', 'to', 'pick', 'a', 'dumb', 'play', 'on', 'words', 'for', 'a', 'caption']",{'editor'},-1
"Ok, so a mommy-blogger I follow swears it helps with intermittent fasting.",1.0769230769230769,0.0800640769025435,13,12,1,0,ok so a mommy blogger i follow swears it helps with intermittent fasting,204,"['ok', 'so', 'a', 'mommy', 'blogger', 'i', 'follow', 'swears', 'it', 'helps', 'with', 'intermittent', 'fasting']",{'blogger'},-1
Do you think we need to add a political commentator?,1.0,0.0953462589245592,11,11,0,0,do you think we need to add a political commentator,204,"['do', 'you', 'think', 'we', 'need', 'to', 'add', 'a', 'political', 'commentator']",{'commentator'},-1
"Hey, it's hard-hitting investigative journalist Andy Borowitz. That's muckraker is always sticking his head where it doesn't belong, but I guess this is the price you pay to know the truth!",1.1333333333333333,0.0512470743190538,45,39,6,0,hey it is hard hitting investigative journalist andy borowitz that is muckraker is always sticking his head where it does not belong but i guess this is the price you pay to know the truth,205,"['hey', 'it', 'is', 'hard', 'hitting', 'investigative', 'journalist', 'andy', 'borowitz', 'that', 'is', 'muckraker', 'is', 'always', 'sticking', 'his', 'head', 'where', 'it', 'does', 'not', 'belong', 'but', 'i', 'guess', 'this', 'is', 'the', 'price', 'you', 'pay', 'to', 'know', 'the', 'truth']",{'journalist'},0
...was your farrier a journalist?,1.137931034482759,0.0456735295539669,58,50,8,0,was your farrier a journalist,206,"['was', 'your', 'farrier', 'a', 'journalist']","{'farrier', 'journalist'}",0
"Yes, the previous owners were journalists working from home, and each one needed their own spin cycle ...",1.3615384615384616,0.0546074473307156,130,93,27,10,yes the previous owners were journalists working from home and each one needed their own spin cycle,207,"['yes', 'the', 'previous', 'owners', 'were', 'journalists', 'working', 'from', 'home', 'and', 'each', 'one', 'needed', 'their', 'own', 'spin', 'cycle']","{'journalist', 'owner'}",-1
And these are the units we’ve reserved for journalists and public relations representatives.,1.305263157894737,0.0653591751147031,95,75,11,9,and these are the units we have reserved for journalists and public relations representatives,207,"['and', 'these', 'are', 'the', 'units', 'we', 'have', 'reserved', 'for', 'journalists', 'and', 'public', 'relations', 'representatives']","{'representative', 'journalist'}",0
"As journalists, you'll love the spin cycle",1.2823529411764707,0.0594365813327723,85,65,16,4,as journalists you will love the spin cycle,207,"['as', 'journalists', 'you', 'will', 'love', 'the', 'spin', 'cycle']",{'journalist'},0
"There must have been a mix-up with your editors, Janice. I think they meant thesaurus, but they got a theSAURUS instead.",1.0666666666666669,0.0376050716545177,45,42,3,0,there must have been a mix up with your editors janice i think they meant thesaurus but they got a thesaurus instead,212,"['there', 'must', 'have', 'been', 'a', 'mix', 'up', 'with', 'your', 'editors', 'janice', 'i', 'think', 'they', 'meant', 'thesaurus', 'but', 'they', 'got', 'a', 'thesaurus', 'instead']",{'editor'},-1
Of course I won't tell any mandated reporters,1.1290322580645162,0.0429225254102654,62,54,8,0,of course i will not tell any mandated reporters,213,"['of', 'course', 'i', 'will', 'not', 'tell', 'any', 'mandated', 'reporters']",{'reporter'},0
"So you're from Publishers Cleraring House here to tell me I've won $5,000 a week for the rest of my life and wondering why I'm not jumping up and down or something? Right?",1.225,0.0561840330487252,80,65,12,3,so you are from publishers cleraring house here to tell me i have won 5 000 a week for the rest of my life and wondering why i am not jumping up and down or something right,216,"['so', 'you', 'are', 'from', 'publishers', 'cleraring', 'house', 'here', 'to', 'tell', 'me', 'i', 'have', 'won', '5', '000', 'a', 'week', 'for', 'the', 'rest', 'of', 'my', 'life', 'and', 'wondering', 'why', 'i', 'am', 'not', 'jumping', 'up', 'and', 'down', 'or', 'something', 'right']",{'publisher'},1
"Do you ‘bear’ to tell the truth?” [NOTE FOR EDITORS: I believe this is the type of simple, comforting humour that will thrive in the event of a Biden election victory. If Trump wins please use the alternative caption “FUCK SHIT PISS FUCK FUCK”",1.377245508982036,0.0534616343136502,167,124,23,20,do you ‘ bear ’ to tell the truth ” note for editors i believe this is the type of simple comforting humour that will thrive in the event of a biden election victory if trump wins please use the alternative caption “ fuck shit piss fuck fuck ”,220,"['do', 'you', '‘', 'bear', '’', 'to', 'tell', 'the', 'truth', '”', 'note', 'for', 'editors', 'i', 'believe', 'this', 'is', 'the', 'type', 'of', 'simple', 'comforting', 'humour', 'that', 'will', 'thrive', 'in', 'the', 'event', 'of', 'a', 'biden', 'election', 'victory', 'if', 'trump', 'wins', 'please', 'use', 'the', 'alternative', 'caption', '“', 'fuck', 'shit', 'piss', 'fuck', 'fuck', '”']",{'editor'},-1
"Hey New Yorker editors, we come demanding more Andy Borowitz columns! In fact, just fire all your other writers!",1.03125,0.0317500317500476,32,31,1,0,hey new yorker editors we come demanding more andy borowitz columns in fact just fire all your other writers,221,"['hey', 'new', 'yorker', 'editors', 'we', 'come', 'demanding', 'more', 'andy', 'borowitz', 'columns', 'in', 'fact', 'just', 'fire', 'all', 'your', 'other', 'writers']","{'editor', 'writer'}",-1
Tell him I was telling reporters I AGREE with what he said yesterday. I didn't know he'd changed it AGAIN.,1.2142857142857142,0.0606823079836147,70,58,9,3,tell him i was telling reporters i agree with what he said yesterday i did not know he would changed it again,222,"['tell', 'him', 'i', 'was', 'telling', 'reporters', 'i', 'agree', 'with', 'what', 'he', 'said', 'yesterday', 'i', 'did', 'not', 'know', 'he', 'would', 'changed', 'it', 'again']",{'reporter'},0
I know a snooping journalist when I see one.,1.258823529411765,0.0506344652291241,85,64,20,1,i know a snooping journalist when i see one,225,"['i', 'know', 'a', 'snooping', 'journalist', 'when', 'i', 'see', 'one']",{'journalist'},0
Data show’s that instagram competitions are more profitable than copywriters - you know what to do.,1.1935483870967742,0.0505846813054177,62,50,12,0,data show ’ s that instagram competitions are more profitable than copywriters you know what to do,225,"['data', 'show', '’', 's', 'that', 'instagram', 'competitions', 'are', 'more', 'profitable', 'than', 'copywriters', 'you', 'know', 'what', 'to', 'do']",{'copywriter'},1
He hired a good publicist.,1.1590909090909092,0.064562127495507,44,38,5,1,he hired a good publicist,228,"['he', 'hired', 'a', 'good', 'publicist']",{'publicist'},-1
"No sir, this isn’t the same thing as Godzilla. I strongly recommend treating it accordingly which is with salt and a good food blogger.",1.2112676056338028,0.0527531473032746,71,59,10,2,no sir this is not the same thing as godzilla i strongly recommend treating it accordingly which is with salt and a good food blogger,233,"['no', 'sir', 'this', 'is', 'not', 'the', 'same', 'thing', 'as', 'godzilla', 'i', 'strongly', 'recommend', 'treating', 'it', 'accordingly', 'which', 'is', 'with', 'salt', 'and', 'a', 'good', 'food', 'blogger']",{'blogger'},-1
Don't even try. The contest's editors at The New Yorker have no sense of humor!,1.180327868852459,0.0596354898612384,61,52,7,2,do not even try the contest s editors at the new yorker have no sense of humor,233,"['do', 'not', 'even', 'try', 'the', 'contest', 's', 'editors', 'at', 'the', 'new', 'yorker', 'have', 'no', 'sense', 'of', 'humor']",{'editor'},-1
It's a reunion of MAGA RABID Trump supporters--they're not MAGIC  RABBIT act reporters.,1.1746031746031746,0.0532587926661243,63,53,9,1,it is a reunion of maga rabid trump supporters they are not magic rabbit act reporters,237,"['it', 'is', 'a', 'reunion', 'of', 'maga', 'rabid', 'trump', 'supporters', 'they', 'are', 'not', 'magic', 'rabbit', 'act', 'reporters']",{'reporter'},-1
"I don't think I can handle a life in academics anymore, Gwen. First it was the predatory publishers. Now it's the panhandling pages.",1.353658536585366,0.0680346352879847,82,59,17,6,i do not think i can handle a life in academics anymore gwen first it was the predatory publishers now it is the panhandling pages,240,"['i', 'do', 'not', 'think', 'i', 'can', 'handle', 'a', 'life', 'in', 'academics', 'anymore', 'gwen', 'first', 'it', 'was', 'the', 'predatory', 'publishers', 'now', 'it', 'is', 'the', 'panhandling', 'pages']",{'publisher'},-1
Now I know how my publicist feels.,1.2450980392156863,0.049135952012745,102,80,19,3,now i know how my publicist feels,240,"['now', 'i', 'know', 'how', 'my', 'publicist', 'feels']",{'publicist'},2
"Is it me, or are publishers getting more aggressive since you became leader of the book group?",1.24468085106383,0.0391109451305078,94,74,19,1,is it me or are publishers getting more aggressive since you became leader of the book group,240,"['is', 'it', 'me', 'or', 'are', 'publishers', 'getting', 'more', 'aggressive', 'since', 'you', 'became', 'leader', 'of', 'the', 'book', 'group']","{'leader', 'publisher'}",-1
Publishers are testing an aggressive street marketing campaign.,1.2277227722772277,0.0485047473818451,101,81,17,3,publishers are testing an aggressive street marketing campaign,240,"['publishers', 'are', 'testing', 'an', 'aggressive', 'street', 'marketing', 'campaign']",{'publisher'},-1
I knew publishers encouraged authors to tour and give interviews. But isn’t this taking solicitation of readers too far?,1.1888888888888889,0.0349583109821928,90,76,13,1,i knew publishers encouraged authors to tour and give interviews but is not this taking solicitation of readers too far,240,"['i', 'knew', 'publishers', 'encouraged', 'authors', 'to', 'tour', 'and', 'give', 'interviews', 'but', 'is', 'not', 'this', 'taking', 'solicitation', 'of', 'readers', 'too', 'far']","{'author', 'publisher'}",1
Publishers have gotten very aggressive as the COVID-19 vaccination rate has been rising.,1.1782178217821782,0.0382696001783914,101,83,18,0,publishers have gotten very aggressive as the covid 19 vaccination rate has been rising,240,"['publishers', 'have', 'gotten', 'very', 'aggressive', 'as', 'the', 'covid', '19', 'vaccination', 'rate', 'has', 'been', 'rising']",{'publisher'},-1
Publishers must be getting desperate .,1.144736842105263,0.0447368421052631,76,66,9,1,publishers must be getting desperate,240,"['publishers', 'must', 'be', 'getting', 'desperate']",{'publisher'},-1
Mounting global warming evidence snuggly acknowledges it will out live it's publishers,1.1397849462365592,0.0421250555063978,93,82,9,2,mounting global warming evidence snuggly acknowledges it will out live it is publishers,240,"['mounting', 'global', 'warming', 'evidence', 'snuggly', 'acknowledges', 'it', 'will', 'out', 'live', 'it', 'is', 'publishers']",{'publisher'},-1
"I'm a Paleo Blogger""",1.2459016393442623,0.068774350699682,61,49,9,3,i am a paleo blogger,243,"['i', 'am', 'a', 'paleo', 'blogger']",{'blogger'},-1
"My advice, kid? Get yourself a good publicist, learn a few songs, and keep your head above water.",1.1041666666666667,0.0445583462158784,48,43,5,0,my advice kid get yourself a good publicist learn a few songs and keep your head above water,247,"['my', 'advice', 'kid', 'get', 'yourself', 'a', 'good', 'publicist', 'learn', 'a', 'few', 'songs', 'and', 'keep', 'your', 'head', 'above', 'water']",{'publicist'},2
From the Editors and Writers at The New Yorker.,1.308641975308642,0.0716687667837036,81,64,9,8,from the editors and writers at the new yorker,249,"['from', 'the', 'editors', 'and', 'writers', 'at', 'the', 'new', 'yorker']","{'editor', 'writer'}",1
The true journalist questions the Government,1.1898734177215189,0.0511977581586359,79,66,11,2,the true journalist questions the government,250,"['the', 'true', 'journalist', 'questions', 'the', 'government']",{'journalist'},-1
"Actually, the original saying was ‘chop wood carry water back down the mountain once you’ve attained enlightenment,’ but the editors thought it was too wordy.",1.2173913043478262,0.0579177078014866,69,56,11,2,actually the original saying was ‘ chop wood carry water back down the mountain once you have attained enlightenment ’ but the editors thought it was too wordy,252,"['actually', 'the', 'original', 'saying', 'was', '‘', 'chop', 'wood', 'carry', 'water', 'back', 'down', 'the', 'mountain', 'once', 'you', 'have', 'attained', 'enlightenment', '’', 'but', 'the', 'editors', 'thought', 'it', 'was', 'too', 'wordy']",{'editor'},-1
"If I won the ""Publishers Clearing House"" check for life where are the cameras",1.125,0.0416666666666666,64,56,8,0,if i won the publishers clearing house check for life where are the cameras,252,"['if', 'i', 'won', 'the', 'publishers', 'clearing', 'house', 'check', 'for', 'life', 'where', 'are', 'the', 'cameras']",{'publisher'},-1
"This cartoon is not funny. It's inhumane. To create a joke about the plight of polar bears is inexcusable. Shame on the cartoonist as well as the editors of The New Yorker, and, for that matter, anyone who submits a caption.",1.3801652892561984,0.0645563353473992,121,91,14,16,this cartoon is not funny it is inhumane to create a joke about the plight of polar bears is inexcusable shame on the cartoonist as well as the editors of the new yorker and for that matter anyone who submits a caption,253,"['this', 'cartoon', 'is', 'not', 'funny', 'it', 'is', 'inhumane', 'to', 'create', 'a', 'joke', 'about', 'the', 'plight', 'of', 'polar', 'bears', 'is', 'inexcusable', 'shame', 'on', 'the', 'cartoonist', 'as', 'well', 'as', 'the', 'editors', 'of', 'the', 'new', 'yorker', 'and', 'for', 'that', 'matter', 'anyone', 'who', 'submits', 'a', 'caption']","{'editor', 'cartoonist'}",3
"I don't mind at all actually. I really like it, but you need to know why: It's so powerful it's basically sucking my shit through the floor. I wrote to Slate's sex-advice columnist and she said I had to tell you this is going on. Anyway, your move.",1.180722891566265,0.0458202364458721,83,69,13,1,i do not mind at all actually i really like it but you need to know why it is so powerful it is basically sucking my shit through the floor i wrote to slate s sex advice columnist and she said i had to tell you this is going on anyway your move,254,"['i', 'do', 'not', 'mind', 'at', 'all', 'actually', 'i', 'really', 'like', 'it', 'but', 'you', 'need', 'to', 'know', 'why', 'it', 'is', 'so', 'powerful', 'it', 'is', 'basically', 'sucking', 'my', 'shit', 'through', 'the', 'floor', 'i', 'wrote', 'to', 'slate', 's', 'sex', 'advice', 'columnist', 'and', 'she', 'said', 'i', 'had', 'to', 'tell', 'you', 'this', 'is', 'going', 'on', 'anyway', 'your', 'move']",{'columnist'},-1
"She's the new publicist for ""Never Forget Your Alligator Shoes During The Divorce.""",1.2333333333333334,0.0645132433593152,60,48,10,2,she is the new publicist for never forget your alligator shoes during the divorce,257,"['she', 'is', 'the', 'new', 'publicist', 'for', 'never', 'forget', 'your', 'alligator', 'shoes', 'during', 'the', 'divorce']",{'publicist'},2
The publishers keep hiring experiential marketing agencies...,1.1714285714285717,0.0537282040026785,70,60,8,2,the publishers keep hiring experiential marketing agencies,257,"['the', 'publishers', 'keep', 'hiring', 'experiential', 'marketing', 'agencies']",{'publisher'},-1
We don’t like to think of ourselves as predatory publishers,1.1355932203389831,0.051041903681298,59,52,6,1,we do not like to think of ourselves as predatory publishers,257,"['we', 'do', 'not', 'like', 'to', 'think', 'of', 'ourselves', 'as', 'predatory', 'publishers']",{'publisher'},1
"""I just checked with the publishers ... are you                 quite sure you ordered a boxed set?""",1.1216216216216215,0.0428212003892668,74,66,7,1,i just checked with the publishers are you quite sure you ordered a boxed set,257,"['i', 'just', 'checked', 'with', 'the', 'publishers', 'are', 'you', 'quite', 'sure', 'you', 'ordered', 'a', 'boxed', 'set']",{'publisher'},1
Our editors said this metal detector was their favorite vaccum cleaner.,1.1219512195121952,0.0624218726442425,41,37,3,1,our editors said this metal detector was their favorite vaccum cleaner,259,"['our', 'editors', 'said', 'this', 'metal', 'detector', 'was', 'their', 'favorite', 'vaccum', 'cleaner']","{'editor', 'cleaner'}",3
they said the table is reserved for food vloggers only,1.253968253968254,0.0677645919511145,63,50,10,3,they said the table is reserved for food vloggers only,261,"['they', 'said', 'the', 'table', 'is', 'reserved', 'for', 'food', 'vloggers', 'only']",{'vlogger'},-1
It's shocking that the editors didn't catch this invert-error.,1.2028985507246377,0.0604745024755948,69,58,8,3,it is shocking that the editors did not catch this invert error,261,"['it', 'is', 'shocking', 'that', 'the', 'editors', 'did', 'not', 'catch', 'this', 'invert', 'error']",{'editor'},3
"Our publicist handles damage control, right?",1.25,0.0558535705439939,84,66,15,3,our publicist handles damage control right,263,"['our', 'publicist', 'handles', 'damage', 'control', 'right']",{'publicist'},2
"They cleaned up after that Danish journalist was found though, right?",1.1643835616438356,0.0478363626478469,73,62,10,1,they cleaned up after that danish journalist was found though right,265,"['they', 'cleaned', 'up', 'after', 'that', 'danish', 'journalist', 'was', 'found', 'though', 'right']",{'journalist'},0
These Cartoon Editors love dramatic meltdowns.,1.240506329113924,0.0575807573202435,79,63,13,3,these cartoon editors love dramatic meltdowns,268,"['these', 'cartoon', 'editors', 'love', 'dramatic', 'meltdowns']",{'editor'},-1
The managing editors thought hanging around the water cooler was a cliche.,1.21875,0.0566454354484353,64,51,12,1,the managing editors thought hanging around the water cooler was a cliche,268,"['the', 'managing', 'editors', 'thought', 'hanging', 'around', 'the', 'water', 'cooler', 'was', 'a', 'cliche']",{'editor'},3
A copywriter's meltdown is our marketing department's glory,1.1971830985915493,0.0553740465755262,71,59,10,2,a copywriter s meltdown is our marketing department s glory,268,"['a', 'copywriter', 's', 'meltdown', 'is', 'our', 'marketing', 'department', 's', 'glory']",{'copywriter'},1
With this new budget we had to liquify some of our older editors.,1.1666666666666667,0.0496966042074553,78,67,9,2,with this new budget we had to liquify some of our older editors,268,"['with', 'this', 'new', 'budget', 'we', 'had', 'to', 'liquify', 'some', 'of', 'our', 'older', 'editors']",{'editor'},-1
"Old editors don't die, they just run out of ink.",1.131578947368421,0.0471730865254342,76,68,6,2,old editors do not die they just run out of ink,268,"['old', 'editors', 'do', 'not', 'die', 'they', 'just', 'run', 'out', 'of', 'ink']",{'editor'},-1
I'm told it happens to all copywriters sooner or later.,1.1044776119402986,0.0376511178439935,67,60,7,0,i am told it happens to all copywriters sooner or later,268,"['i', 'am', 'told', 'it', 'happens', 'to', 'all', 'copywriters', 'sooner', 'or', 'later']",{'copywriter'},1
"That's the last of the copywriters. Stay away from the two rewrite contracts.


Cris Garvey, Vancouver, BC 
cgarvey@telus.net",1.0714285714285714,0.0370854788534861,70,66,3,1,that is the last of the copywriters stay away from the two rewrite contracts cris garvey vancouver because cgarvey telus net,268,"['that', 'is', 'the', 'last', 'of', 'the', 'copywriters', 'stay', 'away', 'from', 'the', 'two', 'rewrite', 'contracts', 'cris', 'garvey', 'vancouver', 'because', 'cgarvey', 'telus', 'net']",{'copywriter'},1
This is what we do to New Yorker editors who don't find our contributions to the caption contest funny!,1.3103448275862069,0.0592479013013367,116,91,14,11,this is what we do to new yorker editors who do not find our contributions to the caption contest funny,269,"['this', 'is', 'what', 'we', 'do', 'to', 'new', 'yorker', 'editors', 'who', 'do', 'not', 'find', 'our', 'contributions', 'to', 'the', 'caption', 'contest', 'funny']",{'editor'},3
"Shut up. Publishers Clearing House said if I bought 12 subscriptions, I'd win an electric vehicle.",1.2789115646258504,0.0440075146762424,147,112,29,6,shut up publishers clearing house said if i bought 12 subscriptions i would win an electric vehicle,278,"['shut', 'up', 'publishers', 'clearing', 'house', 'said', 'if', 'i', 'bought', '12', 'subscriptions', 'i', 'would', 'win', 'an', 'electric', 'vehicle']",{'publisher'},1
The publishers have rejected another one of your songs!,1.1666666666666667,0.042546882418053,90,76,13,1,the publishers have rejected another one of your songs,280,"['the', 'publishers', 'have', 'rejected', 'another', 'one', 'of', 'your', 'songs']",{'publisher'},1
The publishers say our music doesn’t show enough understanding of lonliness,1.0898876404494382,0.0304899112494367,89,81,8,0,the publishers say our music does not show enough understanding of lonliness,280,"['the', 'publishers', 'say', 'our', 'music', 'does', 'not', 'show', 'enough', 'understanding', 'of', 'lonliness']",{'publisher'},1
Surprise!  You won the Intergalactic Publishers Clearing House Sweepstakes.,1.3214285714285714,0.0680873740188195,84,64,13,7,surprise you won the intergalactic publishers clearing house sweepstakes,282,"['surprise', 'you', 'won', 'the', 'intergalactic', 'publishers', 'clearing', 'house', 'sweepstakes']",{'publisher'},1
"I don’t know, honey, if they’re from Publishers Clearinghouse, where are the flowers and the big check?",1.313953488372093,0.0602358063657314,86,63,19,4,i do not know honey if they are from publishers clearinghouse where are the flowers and the big check,282,"['i', 'do', 'not', 'know', 'honey', 'if', 'they', 'are', 'from', 'publishers', 'clearinghouse', 'where', 'are', 'the', 'flowers', 'and', 'the', 'big', 'check']",{'publisher'},1
"Oh, great. This time they brought a publicist for their cookbook.",1.2448979591836735,0.0482411548755989,98,76,20,2,oh great this time they brought a publicist for their cookbook,282,"['oh', 'great', 'this', 'time', 'they', 'brought', 'a', 'publicist', 'for', 'their', 'cookbook']",{'publicist'},-1
All cartoon editors start this way.,1.3083333333333331,0.0513075984092851,120,89,25,6,all cartoon editors start this way,285,"['all', 'cartoon', 'editors', 'start', 'this', 'way']",{'editor'},-1
I'm almost ready to face the reporters.,1.2307692307692308,0.0586309479112581,91,76,9,6,i am almost ready to face the reporters,285,"['i', 'am', 'almost', 'ready', 'to', 'face', 'the', 'reporters']",{'reporter'},-1
But what if we win Publishers Clearing House?,1.2,0.063048832499128,70,60,6,4,but what if we win publishers clearing house,297,"['but', 'what', 'if', 'we', 'win', 'publishers', 'clearing', 'house']",{'publisher'},-1
Is this really the Publishers Clearing House Prize Patrol?,1.2173913043478262,0.0579177078014866,69,56,11,2,is this really the publishers clearing house prize patrol,302,"['is', 'this', 'really', 'the', 'publishers', 'clearing', 'house', 'prize', 'patrol']",{'publisher'},1
"Oh geez, don't turn around. We've been outed!"" Broc, Gus and Tom are sighted at their weekly meating by the editors of Vegetarian Times.",1.2784810126582278,0.062243850590289,79,61,14,4,oh geez do not turn around we have been outed broc gus and tom are sighted at their weekly meating by the editors of vegetarian times,303,"['oh', 'geez', 'do', 'not', 'turn', 'around', 'we', 'have', 'been', 'outed', 'broc', 'gus', 'and', 'tom', 'are', 'sighted', 'at', 'their', 'weekly', 'meating', 'by', 'the', 'editors', 'of', 'vegetarian', 'times']",{'editor'},0
"Yes, you really are a Publishers Clearing House winner!",1.2905405405405406,0.0462347487596109,148,113,27,8,yes you really are a publishers clearing house winner,306,"['yes', 'you', 'really', 'are', 'a', 'publishers', 'clearing', 'house', 'winner']",{'publisher'},1
Its publishers clearing house. I won,1.2875,0.0400348708066248,160,118,38,4,its publishers clearing house i won,306,"['its', 'publishers', 'clearing', 'house', 'i', 'won']",{'publisher'},1
Did you enter the Publishers Clearing House contest,1.2710280373831775,0.0489172006143902,107,81,23,3,did you enter the publishers clearing house contest,306,"['did', 'you', 'enter', 'the', 'publishers', 'clearing', 'house', 'contest']",{'publisher'},1
"Leon Kraus, you've won the Publishers Clearing House Zillions for Life Drawing."" ""Thank you. But I'm Harold Matzenbaum.",1.2545454545454546,0.0436766564042642,110,83,26,1,leon kraus you have won the publishers clearing house zillions for life drawing thank you but i am harold matzenbaum,306,"['leon', 'kraus', 'you', 'have', 'won', 'the', 'publishers', 'clearing', 'house', 'zillions', 'for', 'life', 'drawing', 'thank', 'you', 'but', 'i', 'am', 'harold', 'matzenbaum']",{'publisher'},-1
I see you found out I spilled my guts to the journalist.,1.2837837837837838,0.0593693571968031,74,55,17,2,i see you found out i spilled my guts to the journalist,308,"['i', 'see', 'you', 'found', 'out', 'i', 'spilled', 'my', 'guts', 'to', 'the', 'journalist']",{'journalist'},0
"Unknown to reporters, disappearing wasn't the only trick D.B.Cooper performed that day.",1.3103448275862069,0.0510956317479819,116,85,26,5,unknown to reporters disappearing was not the only trick d b cooper performed that day,311,"['unknown', 'to', 'reporters', 'disappearing', 'was', 'not', 'the', 'only', 'trick', 'd', 'b', 'cooper', 'performed', 'that', 'day']","{'reporter', 'cooper'}",0
Hard to say. The tail's too long  for a pig and we know the editors wouldn't have allowed a devoured dog cartoon.,1.209090909090909,0.0467375233367023,110,91,15,4,hard to say the tail s too long for a pig and we know the editors would not have allowed a devoured dog cartoon,312,"['hard', 'to', 'say', 'the', 'tail', 's', 'too', 'long', 'for', 'a', 'pig', 'and', 'we', 'know', 'the', 'editors', 'would', 'not', 'have', 'allowed', 'a', 'devoured', 'dog', 'cartoon']",{'editor'},-1
"Blood money,female repression,the torture and murder of journalists and now alien hazards? What",1.1358024691358024,0.0456539804619767,81,72,7,2,blood money female repression the torture and murder of journalists and now alien hazards what,316,"['blood', 'money', 'female', 'repression', 'the', 'torture', 'and', 'murder', 'of', 'journalists', 'and', 'now', 'alien', 'hazards', 'what']",{'journalist'},-1
We need the deer's publicist.,1.3937823834196892,0.0434855189937681,193,129,52,12,we need the deer s publicist,317,"['we', 'need', 'the', 'deer', 's', 'publicist']",{'publicist'},2
I’ve been having this reoccurring dream that the commentator’s cry of  ‘Gooooooooooool’ will never end.,1.1506849315068493,0.0464543149529128,73,63,9,1,i have been having this reoccurring dream that the commentator ’ s cry of ‘ gooooooooooool ’ will never end,318,"['i', 'have', 'been', 'having', 'this', 'reoccurring', 'dream', 'that', 'the', 'commentator', '’', 's', 'cry', 'of', '‘', 'gooooooooooool', '’', 'will', 'never', 'end']",{'commentator'},-1
"Twenty-first century editors wrong again, Bro. 
It's M-Y-C-R-O-F-T not M-I-N-E-F-I-E-L-D.",1.0326086956521738,0.0186186036645608,92,89,3,0,twenty first century editors wrong again bro it is m y c r o f t not m i n e f i e l d,325,"['twenty', 'first', 'century', 'editors', 'wrong', 'again', 'bro', 'it', 'is', 'm', 'y', 'c', 'r', 'o', 'f', 't', 'not', 'm', 'i', 'n', 'e', 'f', 'i', 'e', 'l', 'd']",{'editor'},-1
"Apparently the publicist is dyslexic. 
It was advertised as ""Modern Rat Exhibition.""",1.0804597701149423,0.0293309098622725,87,80,7,0,apparently the publicist is dyslexic it was advertised as modern rat exhibition,329,"['apparently', 'the', 'publicist', 'is', 'dyslexic', 'it', 'was', 'advertised', 'as', 'modern', 'rat', 'exhibition']",{'publicist'},2
I think that shelter hired a copywriter for his bio.,1.1811023622047243,0.0377754812141167,127,106,19,2,i think that shelter hired a copywriter for his bio,334,"['i', 'think', 'that', 'shelter', 'hired', 'a', 'copywriter', 'for', 'his', 'bio']",{'copywriter'},-1
Is he a lawyer or a journalist ?,1.091743119266055,0.0306828072238377,109,100,8,1,is he a lawyer or a journalist,334,"['is', 'he', 'a', 'lawyer', 'or', 'a', 'journalist']","{'journalist', 'lawyer'}",0
"Unfortunately, the editors usually want greater depth",1.491869918699187,0.0253835209500498,738,458,197,83,unfortunately the editors usually want greater depth,342,"['unfortunately', 'the', 'editors', 'usually', 'want', 'greater', 'depth']",{'editor'},-1
And then I thought “What’s the best way to frustrate the biggest number of cartoon captioners?”,1.2439024390243902,0.0433536787928599,164,134,20,10,and then i thought “ what is the best way to frustrate the biggest number of cartoon captioners ”,343,"['and', 'then', 'i', 'thought', '“', 'what', 'is', 'the', 'best', 'way', 'to', 'frustrate', 'the', 'biggest', 'number', 'of', 'cartoon', 'captioners', '”']",{'captioner'},-1
I said ant columnist not colonist.,1.144736842105263,0.0447368421052631,76,66,9,1,i said ant columnist not colonist,345,"['i', 'said', 'ant', 'columnist', 'not', 'colonist']",{'columnist'},-1
The chaotic jumble of math expressions (few equations) testifies to the poor understanding of mathematics by New Yorker cartoonists/editors/readers. Funny? I don't think so. I find it sad.,1.247787610619469,0.0569602039244946,113,95,8,10,the chaotic jumble of math expressions few equations testifies to the poor understanding of mathematics by new yorker cartoonists editors readers funny i do not think so i find it sad,347,"['the', 'chaotic', 'jumble', 'of', 'math', 'expressions', 'few', 'equations', 'testifies', 'to', 'the', 'poor', 'understanding', 'of', 'mathematics', 'by', 'new', 'yorker', 'cartoonists', 'editors', 'readers', 'funny', 'i', 'do', 'not', 'think', 'so', 'i', 'find', 'it', 'sad']","{'editor', 'cartoonist'}",3
Publicists? Worth every penny!,1.180327868852459,0.0349509371074771,122,100,22,0,publicists worth every penny,348,"['publicists', 'worth', 'every', 'penny']",{'publicist'},-1
We need to find out who Jonathan Livingston’s publicist is.,1.1263157894736842,0.0373899438042335,95,84,10,1,we need to find out who jonathan livingston ’ s publicist is,348,"['we', 'need', 'to', 'find', 'out', 'who', 'jonathan', 'livingston', '’', 's', 'publicist', 'is']",{'publicist'},2
It chaps my hide that they think they're better just because they have better publicists.,1.0990990990990992,0.0284889879294448,111,100,11,0,it chaps my hide that they think they are better just because they have better publicists,348,"['it', 'chaps', 'my', 'hide', 'that', 'they', 'think', 'they', 'are', 'better', 'just', 'because', 'they', 'have', 'better', 'publicists']",{'publicist'},2
Be careful.  Reporters are a bunch of predators.,1.2571428571428571,0.0506886123944844,105,82,19,4,be careful reporters are a bunch of predators,352,"['be', 'careful', 'reporters', 'are', 'a', 'bunch', 'of', 'predators']",{'reporter'},0
"Before beginning his opening joke, Larry made a mental note to fire his publicist after this was over.",1.1772151898734178,0.0501846433943169,79,67,10,2,before beginning his opening joke larry made a mental note to fire his publicist after this was over,352,"['before', 'beginning', 'his', 'opening', 'joke', 'larry', 'made', 'a', 'mental', 'note', 'to', 'fire', 'his', 'publicist', 'after', 'this', 'was', 'over']",{'publicist'},-1
I didn’t expect so many hungry reporters for our news conference today!,1.1206896551724137,0.0431487964717558,58,51,7,0,i did not expect so many hungry reporters for our news conference today,352,"['i', 'did', 'not', 'expect', 'so', 'many', 'hungry', 'reporters', 'for', 'our', 'news', 'conference', 'today']",{'reporter'},0
There should be a warning when fashion bloggers become tree huggers.,1.1304347826086956,0.0385393591490399,92,81,10,1,there should be a warning when fashion bloggers become tree huggers,355,"['there', 'should', 'be', 'a', 'warning', 'when', 'fashion', 'bloggers', 'become', 'tree', 'huggers']",{'blogger'},3
It’s really tough being a journalist when you're afraid of scoops.,1.1358024691358024,0.0456539804619767,81,72,7,2,it is really tough being a journalist when you are afraid of scoops,356,"['it', 'is', 'really', 'tough', 'being', 'a', 'journalist', 'when', 'you', 'are', 'afraid', 'of', 'scoops']",{'journalist'},0
The other reporters always get the scoop on me,1.108108108108108,0.0363432541778838,74,66,8,0,the other reporters always get the scoop on me,356,"['the', 'other', 'reporters', 'always', 'get', 'the', 'scoop', 'on', 'me']",{'reporter'},0
I had to break up with the journalist because she kept asking for the inside scoo,1.0857142857142856,0.0337010185496908,70,64,6,0,i had to break up with the journalist because she kept asking for the inside scoo,356,"['i', 'had', 'to', 'break', 'up', 'with', 'the', 'journalist', 'because', 'she', 'kept', 'asking', 'for', 'the', 'inside', 'scoo']",{'journalist'},0
Our publicist suggested this as a way to meet people instead of beaming them up.,1.2056737588652482,0.0409087878783913,141,117,19,5,our publicist suggested this as a way to meet people instead of beaming them up,362,"['our', 'publicist', 'suggested', 'this', 'as', 'a', 'way', 'to', 'meet', 'people', 'instead', 'of', 'beaming', 'them', 'up']",{'publicist'},2
"Several players are exploiting a bug in crowdsource voting (i.e., Nicole Chrolavicius, Paul Nesja, Carol Lasky, Colin Mills, and Brandon Lawniczak, etc.) and I know how they're doing it. NYer Editors, please email me at bayareaman29@gmail.com",1.5028011204481793,0.0221635088682874,1428,1032,74,322,several players are exploiting a bug in crowdsource voting i e nicole chrolavicius paul nesja carol lasky colin mills and brandon lawniczak etc and i know how they are doing it nyer editors please email me at bayareaman29 gmail com,365,"['several', 'players', 'are', 'exploiting', 'a', 'bug', 'in', 'crowdsource', 'voting', 'i', 'e', 'nicole', 'chrolavicius', 'paul', 'nesja', 'carol', 'lasky', 'colin', 'mills', 'and', 'brandon', 'lawniczak', 'etc', 'and', 'i', 'know', 'how', 'they', 'are', 'doing', 'it', 'nyer', 'editors', 'please', 'email', 'me', 'at', 'bayareaman29', 'gmail', 'com']",{'editor'},-1
"I think the guy that won the Mr. Potato head Contest won because he was from australia, And the editors thought that might look good. I certainly would need somebody to explain even just the meaning, which eludes me completely.",1.270440251572327,0.0525487135417842,159,135,5,19,i think the guy that won the mr potato head contest won because he was from australia and the editors thought that might look good i certainly would need somebody to explain even just the meaning which eludes me completely,365,"['i', 'think', 'the', 'guy', 'that', 'won', 'the', 'mr', 'potato', 'head', 'contest', 'won', 'because', 'he', 'was', 'from', 'australia', 'and', 'the', 'editors', 'thought', 'that', 'might', 'look', 'good', 'i', 'certainly', 'would', 'need', 'somebody', 'to', 'explain', 'even', 'just', 'the', 'meaning', 'which', 'eludes', 'me', 'completely']",{'editor'},-1
Shame on me for thinking you can't work from home as a travel journalist,1.211111111111111,0.0511892146012882,90,74,13,3,shame on me for thinking you can not work from home as a travel journalist,374,"['shame', 'on', 'me', 'for', 'thinking', 'you', 'can', 'not', 'work', 'from', 'home', 'as', 'a', 'travel', 'journalist']",{'journalist'},-1
"Thus you have released Gene E., conservative commentator.  You will now hear a seeming endless tirade about the immorality of expecting something for nothing.",1.2857142857142858,0.0498204166044939,112,84,24,4,thus you have released gene e conservative commentator you will now hear a seeming endless tirade about the immorality of expecting something for nothing,375,"['thus', 'you', 'have', 'released', 'gene', 'e', 'conservative', 'commentator', 'you', 'will', 'now', 'hear', 'a', 'seeming', 'endless', 'tirade', 'about', 'the', 'immorality', 'of', 'expecting', 'something', 'for', 'nothing']",{'commentator'},-1
"Don't be surprised... if in the era of social media anyone thinks they are a journalist, why can't I be your Aladdin?",1.1132075471698113,0.0439386807060104,53,47,6,0,do not be surprised if in the era of social media anyone thinks they are a journalist why can not i be your aladdin,375,"['do', 'not', 'be', 'surprised', 'if', 'in', 'the', 'era', 'of', 'social', 'media', 'anyone', 'thinks', 'they', 'are', 'a', 'journalist', 'why', 'can', 'not', 'i', 'be', 'your', 'aladdin']","{'media', 'journalist'}",0
"I know the story upset you, but the big publishers are all now part of the Princess Industrial Complex.",1.1395348837209305,0.0442687684162645,86,76,8,2,i know the story upset you but the big publishers are all now part of the princess industrial complex,380,"['i', 'know', 'the', 'story', 'upset', 'you', 'but', 'the', 'big', 'publishers', 'are', 'all', 'now', 'part', 'of', 'the', 'princess', 'industrial', 'complex']",{'publisher'},-1
