caption_index,category,funniness_score,contest_id,caption,cleaned_caption,topic,topic_probability
11561,Media and Communications,24.682027649769584,2,please tell majesty queen cleopatra reporters left,please tell majesty queen cleopatra reporters left,1,0.7331415332105494
19631,Media and Communications,22.857142857142858,4,last time take advice columnist cosmopolitan,last time take advice cosmopolitan,-1,0.0
27119,Media and Communications,27.244239631336406,6,feminist blogger girlfriend got meit reminds rich white men consider privilege kind flipping narrative fundamental building blocks society side,feminist girlfriend got meit reminds rich white men consider privilege kind flipping narrative fundamental building blocks society side,1,0.6091271457059614
42228,Media and Communications,39.68663594470046,9,one embedded journalists,one embedded journalists,1,0.8217997120626049
44562,Media and Communications,26.304147465437794,9,new nra publicists something,new nra publicists something,1,0.47435623042320313
45111,Media and Communications,25.198156682027655,9,may crazy tell embedded journalists get chicks,may crazy tell embedded journalists get chicks,1,0.8396482821934159
46443,Media and Communications,23.188940092165904,9,one bravest documentary journalists know,one bravest documentary journalists know,1,0.8478591999409448
57633,Media and Communications,23.391705069124427,11,caddy coach publicist therapist well,caddy coach therapist well,-1,0.0
60495,Media and Communications,23.944700460829498,12,people balloons door sir say publishers clearinghouse,people balloons door sir say publishers clearinghouse,2,0.9386820841903146
60548,Media and Communications,23.870967741935484,12,sir reporters anxious meet next president united states,sir reporters anxious meet next president united states,1,0.549931854118927
62304,Media and Communications,21.069124423963135,12,folk publishers clearing house sir told busy,folk publishers clearing house sir told busy,2,0.908728533800467
62581,Media and Communications,20.58986175115208,12,sir blogger castle door requesting comment synthetic biology,sir castle door requesting comment synthetic biology,-1,0.0
63602,Media and Communications,31.02304147465438,13,understand publishers clearinghouse talks grand prize,understand publishers clearinghouse talks grand prize,2,0.9599066196053427
70609,Media and Communications,21.695852534562214,14,worry trumps publicist sound bigger going love,worry trumps sound bigger going love,0,0.766607515249834
72322,Media and Communications,26.65437788018433,15,great publicist part equation,great part equation,3,0.8467159155291476
73370,Media and Communications,24.18433179723502,15,president trumps press secretary eight years,president trumps eight years,0,0.7568088599832917
75317,Media and Communications,21.400921658986174,15,received extra perk trumps press secretary,received extra perk trumps,0,0.6975944256153979
77124,Media and Communications,26.912442396313367,16,congratulations publishers clearing house sweepstakes,congratulations publishers clearing house sweepstakes,2,0.872341329961334
77840,Media and Communications,24.755760368663594,16,congratulations publishers clearing house 10 million prize,congratulations publishers clearing house 10 million prize,2,0.970827427508858
78186,Media and Communications,23.92626728110599,16,congratulations 10 centillion entries publishers clearinghouse sweepstakes,congratulations 10 centillion entries publishers clearinghouse sweepstakes,2,0.7563474775818393
78957,Media and Communications,22.783410138248847,16,congratulations winner publishers clearinghouse 1 million contest step inside,congratulations winner publishers clearinghouse 1 million contest step inside,2,0.7936304838282908
79266,Media and Communications,22.322580645161292,16,congratulations winning publishers clearing house,congratulations winning publishers clearing house,2,1.0
79387,Media and Communications,22.23041474654378,16,publishers clearing house prize patrol,publishers clearing house prize patrol,2,1.0
80267,Media and Communications,20.847926267281107,16,welcome publishers weekly,welcome publishers weekly,2,0.9360224555040925
83583,Media and Communications,24.07373271889401,17,entire board editors ny times welcomes quadrennial proisrael luncheon roundtable,entire board editors ny times welcomes quadrennial proisrael luncheon roundtable,4,0.9458981311896758
93027,Media and Communications,20.387096774193548,19,like tell speech writers want close ‘ steak steak kingdom yuge steak ’,like tell writers want close steak steak kingdom yuge steak,1,0.6617896714455174
110499,Media and Communications,22.986175115207374,23,nessie words say gossip columnist,nessie words say gossip,1,0.9428736711658238
110888,Media and Communications,22.119815668202765,23,good keep creditors away,good keep creditors away,-1,0.0
111239,Media and Communications,21.456221198156683,23,know…we changed speech writers,know we changed writers,4,1.0
111556,Media and Communications,20.86635944700461,23,good evil tree desk next editors office,good evil tree desk next editors office,4,1.0
112285,Media and Communications,18.967741935483872,23,reporters deliver shocking news,reporters deliver shocking,1,1.0
115457,Media and Communications,22.617511520737327,24,say james thurber note editors please add link httpwwwcbsnewscompictures60minutesfavoritenewyorkercartoons42 even better newyorkercom link seal bedroom one available,say james thurber note editors please add link httpwwwcbsnewscompictures60minutesfavoritenewyorkercartoons42 even better newyorkercom link seal bedroom one available,4,0.726805518861006
137703,Media and Communications,19.852534562211982,28,maybe brought fact checker,maybe brought,3,1.0
157926,Media and Communications,21.456221198156683,32,personal fact checkers great,personal checkers great,-1,0.0
157943,Media and Communications,21.456221198156683,32,onboard fact checker indicates actually gum could share,onboard indicates actually gum could share,3,0.8179802917125039
158627,Media and Communications,20.497695852534562,32,inner fact checker says first,inner says first,3,0.8197260211110445
158745,Media and Communications,20.31336405529954,32,see fact checker hard work week,see hard work week,3,1.0
159044,Media and Communications,20.31336405529954,32,see also realtime fact checker surgically installed finally took plunge third presidential debate,see also realtime surgically installed finally took plunge third presidential debate,0,0.7058887447219359
159988,Media and Communications,19.041474654377886,32,fact checker says wrong 37 time,says wrong 37 time,-1,0.0
160356,Media and Communications,19.041474654377886,32,next debate let us scrap fact checkers,next debate let us scrap checkers,-1,0.0
165076,Media and Communications,20.70046082949309,33,understand wall street journal sending top reporters cameramen,understand wall street journal sending top reporters cameramen,1,0.8450034176023795
169669,Media and Communications,21.235023041474655,34,look descendants trump mocking us disabled reporters,look descendants trump mocking us disabled reporters,1,0.584511448418632
180232,Media and Communications,30.211981566820278,37,going happen journalists new york,going happen journalists new york,1,0.8382421281261334
182011,Media and Communications,24.7741935483871,37,policy restrain editors ensure thinking precedes actions,policy restrain editors ensure thinking precedes actions,4,1.0
183138,Media and Communications,23.170506912442395,37,guess matter time editors mad magazine recognized obvious,guess matter time editors mad magazine recognized obvious,3,0.8650462327036095
183836,Media and Communications,22.13824884792627,37,take enquiring press secretary job,take enquiring job,-1,0.0
186691,Media and Communications,26.72811059907834,38,thanks coming press conference interest time first seven rows reporters ask questions,thanks coming conference interest time first seven rows reporters ask questions,1,1.0
186968,Media and Communications,26.027649769585253,38,kind columnist think looking,kind think looking,3,1.0
187377,Media and Communications,25.10599078341014,38,accepting applications white house press secretary,accepting applications white house,0,0.7544576843920663
187878,Media and Communications,24.0,38,welcome journalists fly airforce one,welcome journalists fly airforce one,1,0.7319171696296102
188048,Media and Communications,23.723502304147466,38,need talkyou going really great press secretarywhatever,need talkyou going really great secretarywhatever,0,0.5989325726458716
189384,Media and Communications,21.695852534562214,38,trump press secretary position,trump position,0,0.766607515249834
208047,Media and Communications,19.57603686635945,41,journalist america ended,america ended,0,0.5926070759747513
208659,Media and Communications,29.880184331797235,42,long day mr press secretary,long day mr,3,0.82419500058749
208809,Media and Communications,28.14746543778802,42,know tough getting rejected perform inauguration hear going opening press secretary real soon,know tough getting rejected perform inauguration hear going opening real soon,0,0.6784618693393938
209161,Media and Communications,26.08294930875576,42,see picture several hundred people drink bar attending trumps inauguration speech said white house press secretary spicer,see picture several hundred people drink bar attending trumps inauguration said white house spicer,0,0.6121938217915652
212995,Media and Communications,18.027649769585256,42,editors please deenter caption entry last week trumpet sound thank,editors please deenter caption entry last week trumpet sound thank,5,0.841091753412848
217328,Media and Communications,21.80645161290323,43,bite fake reporters,bite fake reporters,1,0.9472485574753456
219781,Media and Communications,18.56221198156682,43,promised model darling saks left emperors new clothes even jumping shark beyond trumps press secretary,promised model darling saks left emperors new clothes even jumping shark beyond trumps,0,0.6820974562496959
219842,Media and Communications,18.56221198156682,43,long day mr press secretary,long day mr,3,0.8090658984333583
231271,Media and Communications,20.18433179723502,45,editors dumbed,editors dumbed,4,1.0
232275,Media and Communications,19.447004608294932,45,sure gluten free word sure emphasized editors see fit,sure gluten free word sure emphasized editors see fit,4,1.0
235061,Media and Communications,22.746543778801843,46,loser reporters say act like babyliars sad,loser reporters say act like babyliars sad,1,1.0
235486,Media and Communications,21.658986175115206,46,think would hack new york times reporters baby monitor,think would hack new york times reporters baby monitor,1,0.8343199513729319
236493,Media and Communications,19.68663594470046,46,mom told dream white house press secretary,mom told dream white house,0,1.0
237991,Media and Communications,28.755760368663598,47,think found next press secretary,think found next,3,1.0
243261,Media and Communications,24.62672811059908,48,retired cartoon editors,retired cartoon editors,-1,0.0
253533,Media and Communications,25.179723502304146,50,cartoon editors,cartoon editors,5,0.9347652402060324
259077,Media and Communications,23.852534562211986,51,publicist spin doctor,spin doctor,-1,0.0
259116,Media and Communications,23.852534562211986,51,believe agreed press secretary,believe agreed,3,1.0
260747,Media and Communications,22.17511520737327,51,told assertive women viewed bossy warned mansplaining appreciated still steve persisted tweeting men every female journalist could find,told assertive women viewed bossy warned mansplaining appreciated still steve persisted tweeting men every female could find,1,0.6374427845238322
260940,Media and Communications,22.17511520737327,51,white house press secretary sean spicers daily press briefing,white house sean spicers daily briefing,0,0.5458586289636762
263638,Media and Communications,23.502304147465438,52,new cartoon editors,new cartoon editors,5,0.8695297012604468
265759,Media and Communications,21.843317972350235,52,get new team reporters never asks howonly,get new team reporters never asks howonly,1,1.0
267074,Media and Communications,21.308755760368662,52,could leaving preditors hunt night law firm,could leaving preditors hunt night law firm,-1,0.0
268594,Media and Communications,20.47926267281106,52,problem stubborn studentsdean got pat never good reporters get,problem stubborn studentsdean got pat never good reporters get,1,1.0
274345,Media and Communications,27.11520737327189,54,publicist might oversold story,might oversold story,-1,0.0
278141,Media and Communications,32.20276497695853,55,tim new embedded journalist,tim new embedded,-1,0.0
281874,Media and Communications,21.12442396313364,55,care editors say lie lay fact choose lay,care editors say lie lay choose lay,-1,0.0
282504,Media and Communications,39.133640552995395,56,ah reporters n times welcome white house feel free wander around ask administration staff anything would like,ah reporters n times welcome white house feel free wander around ask administration staff anything would like,1,0.4185398099134221
282514,Media and Communications,38.10138248847926,56,said president trump let us invite tv reporters,said president trump let us invite tv reporters,1,0.5476461423068739
282884,Media and Communications,26.857142857142858,56,two must journalists,two must journalists,1,0.837170784752025
282949,Media and Communications,26.4147465437788,56,let guessyou journalists,let guessyou journalists,1,0.8845492423380976
284065,Media and Communications,23.28110599078341,56,understand reporters embedded mafia,understand reporters embedded mafia,1,0.8635777139641602
285170,Media and Communications,22.359447004608295,56,little way welcoming cartoon editors,little way welcoming cartoon editors,5,0.8576661206052153
285872,Media and Communications,21.93548387096774,56,mob informers russian journalists,mob informers russian journalists,1,0.9164573267240832
286994,Media and Communications,21.308755760368662,56,installation 1 journalists fake news award,installation 1 journalists fake award,1,0.844494707798684
292472,Media and Communications,20.792626728110598,57,sorry late reporters cornered bushes,sorry late reporters cornered bushes,1,1.0
296965,Media and Communications,21.419354838709676,58,must new press secretary,must new,3,1.0
304951,Media and Communications,21.93548387096774,60,color commentator 247 job,color 247 job,-1,0.0
306041,Media and Communications,21.6036866359447,60,oh look large beachball small beachball unapparent without color would indecipherable must something funny somehow editors try,oh look large beachball small beachball unapparent without color would indecipherable must something funny somehow editors try,5,1.0
308860,Media and Communications,21.12442396313364,60,aquachameleon mimics common poolside objects attract prey mom dad editors note new yorker cartoon submission safety advisory bulletin pool owners,aquachameleon mimics common poolside objects attract prey mom dad editors note new yorker cartoon submission safety advisory bulletin pool owners,5,1.0
323723,Media and Communications,20.331797235023043,63,journalists made mistake reporting truth,journalists made mistake reporting truth,1,0.9504790292067719
325575,Media and Communications,24.055299539170505,64,want car driver 100000 small bills 5 clock oh new publicist tired everythings hornets nest business,want car driver 100000 small bills 5 clock oh new tired everythings hornets nest business,-1,0.0
328188,Media and Communications,22.506912442396313,64,would call comfortable beats white house press secretary,would call comfortable beats white house,0,1.0
330620,Media and Communications,21.97235023041475,64,honey journalists think one time really say none beeswax,honey journalists think one time really say none beeswax,1,0.7485943686274701
332149,Media and Communications,27.428571428571427,65,guy makes mean hot dog guess president right press secretarys future,guy makes mean hot dog guess president right secretarys future,0,0.6919418278256099
335926,Media and Communications,63.63133640552994,66,last week press secretary,last week,3,0.8558475529215437
335977,Media and Communications,35.63133640552996,66,honest sure publicist hired,honest sure hired,-1,0.0
336108,Media and Communications,26.4147465437788,66,wonder becomes old press secretaries,wonder becomes old secretaries,0,0.4790863356017691
336198,Media and Communications,25.23502304147466,66,food bloggers getting hand,food bloggers getting hand,-1,0.0
336319,Media and Communications,24.405529953917053,66,publicist ordered us pizzarazzi,ordered us pizzarazzi,-1,0.0
336396,Media and Communications,24.14746543778802,66,luigis also vocational school express secretaries,luigis also vocational school express secretaries,-1,0.0
336484,Media and Communications,23.77880184331797,66,deep dish comes reporters,deep dish comes reporters,1,1.0
336688,Media and Communications,23.225806451612907,66,lasagna needs better publicist,lasagna needs better,-1,0.0
336724,Media and Communications,23.152073732718893,66,press secretary stop following,stop following,-1,0.0
336823,Media and Communications,22.87557603686636,66,waiter moonlights white house press secretary,waiter moonlights white house,0,0.7626370301770939
336872,Media and Communications,22.70967741935484,66,well white house press secretaries need something let go,well white house secretaries need something let go,0,0.5819052652477683
337365,Media and Communications,21.97235023041475,66,heard trump named someone restaurant press secretary,heard trump named someone restaurant,-1,0.0
337828,Media and Communications,21.43778801843318,66,press secretary scaramucci ordered takeout pizza apparently,scaramucci ordered takeout pizza apparently,-1,0.0
337854,Media and Communications,21.43778801843318,66,order food publishers clearing house,order food publishers clearing house,2,0.7534310862846437
338228,Media and Communications,21.013824884792626,66,used white house press secretary stop following,used white house stop following,0,0.901742811572402
338270,Media and Communications,20.995391705069125,66,press secretary cachet used,cachet used,3,0.9653402211561932
338453,Media and Communications,20.884792626728114,66,food bloggers getting hand,food bloggers getting hand,-1,0.0
338950,Media and Communications,20.58986175115208,66,read named pizza press secretary,read named pizza,-1,0.0
339416,Media and Communications,20.31336405529954,66,real journalists pizzarazzi,real journalists pizzarazzi,1,0.6807242238286949
339956,Media and Communications,20.07373271889401,66,pizza free 20 reporters less,pizza free 20 reporters less,1,0.5106498514310612
340017,Media and Communications,20.07373271889401,66,next line white house press secretary,next line white house,0,1.0
340135,Media and Communications,19.981566820276498,66,told reporters dinner,told reporters dinner,1,1.0
340149,Media and Communications,19.981566820276498,66,pepperoni journalistic slang paparazzi,pepperoni journalistic slang paparazzi,1,0.6019161382294669
340200,Media and Communications,19.944700460829495,66,food journalist gone far pizza may ambrosial expect paparazzi,food gone far pizza may ambrosial expect paparazzi,1,0.41836437413551303
341243,Media and Communications,25.198156682027655,67,look get press secretary quit fire communications director lost big vote congress everyone think dogs behind election reason go two scoops kibble three,look get quit fire communications director lost big vote congress everyone think dogs behind election reason go two scoops kibble three,0,0.5028410798765872
356765,Media and Communications,21.695852534562214,69,used belong last guy pissed optional many demands editors discretion,used belong last guy pissed optional many demands editors discretion,4,0.9384252854680748
361048,Media and Communications,41.142857142857146,71,see trump administration begun new policy white house reporters,see trump administration begun new policy white house reporters,1,0.4633661915869176
361291,Media and Communications,28.995391705069125,71,apprentice donald trumps press secretary job program,apprentice donald trumps job program,0,0.7709267387363996
362308,Media and Communications,24.62672811059908,71,thought whitehouse press secretary job right mr spicer,thought whitehouse job right mr spicer,0,0.6079206936003418
365587,Media and Communications,21.97235023041475,71,used trumps press secretary,used trumps,0,0.75878363980772
369547,Media and Communications,22.930875576036872,72,think copy editors,think copy editors,4,0.8462571577958654
369836,Media and Communications,22.70967741935484,72,sir believe copywriters,sir believe copywriters,-1,0.0
371156,Media and Communications,21.843317972350235,72,supposed meet copy editors,supposed meet copy editors,4,1.0
373082,Media and Communications,20.95852534562212,72,think opened door gaggle fake news reporters,think opened door gaggle fake reporters,1,0.6887806230586635
373935,Media and Communications,27.373271889400925,73,sorry master still enough power prevent cartoon editors picking lame toothless caption finalists,sorry master still enough power prevent cartoon editors picking lame toothless caption finalists,5,1.0
379801,Media and Communications,24.14746543778802,74,tuesday tuned mexicans wednesdays muslims saturdays reporters,tuesday tuned mexicans wednesdays muslims saturdays reporters,1,1.0
382608,Media and Communications,20.95852534562212,74,honey look must finalist publishers clearing house sweepstakes,honey look must finalist publishers clearing house sweepstakes,2,0.8513433471487345
392030,Media and Communications,22.322580645161292,76,seriously reporters would anything buck,seriously reporters would anything buck,1,1.0
393982,Media and Communications,29.12442396313364,77,first time dining publishers clearing house,first time dining publishers clearing house,2,0.9880269095500815
394837,Media and Communications,26.543778801843317,77,bought publishers clearing house,bought publishers clearing house,2,1.0
401313,Media and Communications,26.543778801843317,78,hate editors,hate editors,4,1.0
401626,Media and Communications,26.046082949308754,78,orgg like new publicist fake news good,orgg like new fake good,3,0.9008844669022713
401634,Media and Communications,26.046082949308754,78,sheesh editors,sheesh editors,4,1.0
403174,Media and Communications,24.276497695852537,78,hate editors,hate editors,4,1.0
403752,Media and Communications,23.447004608294932,78,used oped columnist agreed take sports section ate thag,used oped agreed take sports section ate thag,3,1.0
404260,Media and Communications,22.70967741935484,78,dinosaur reporters cave news network fake,dinosaur reporters cave network fake,1,0.6272090058382372
405249,Media and Communications,20.92165898617512,78,origin typical tabloid journalist,origin typical tabloid,1,0.652434017650857
408972,Media and Communications,19.35483870967742,79,third presidential press secretary brush,third presidential brush,0,0.7176981690244305
411136,Media and Communications,24.258064516129032,80,research says one famous vlogger,research says one famous,1,0.7367607570138938
411166,Media and Communications,24.258064516129032,80,white house looking new speech writers could find 1000 monkeys,white house looking new writers could find 1000 monkeys,0,1.0
411299,Media and Communications,24.258064516129032,80,onto us fact checkers must found fact trumps last tweet,onto us checkers must found trumps last tweet,0,0.4786326898923669
413694,Media and Communications,21.308755760368662,80,said hire fake news writers drake news writers,said hire fake writers drake writers,4,0.7379290601799654
414363,Media and Communications,20.626728110599082,80,antivax bloggers literally bunch quacks,antivax bloggers literally bunch quacks,-1,0.0
425775,Media and Communications,20.792626728110598,81,yes columnist would like report missing wife,yes would like report missing wife,1,0.6263878896478074
427685,Media and Communications,22.617511520737327,82,keep walking couple reporters turning new leaf,keep walking couple reporters turning new leaf,1,0.8914941125105627
427908,Media and Communications,22.3963133640553,82,hello daily chronicle mayor would like reporters please quit stabbing back everytime write something,hello daily chronicle mayor would like reporters please quit stabbing back everytime write something,1,0.8699151367560415
431957,Media and Communications,23.447004608294932,83,boy snow really piling note editors todays contest page shows caption drawing drew dernavich contest 595 field completely whiteblank hence snow joke,boy snow really piling note editors todays contest page shows caption drawing drew dernavich contest 595 field completely whiteblank hence snow joke,5,1.0
439048,Media and Communications,21.732718894009217,84,glad see going guess journalist,glad see going guess,3,0.9784578995050967
445222,Media and Communications,23.317972350230416,86,publicist said would message younger demographic,said would message younger demographic,1,0.6447462709727788
451190,Media and Communications,17.51152073732719,87,oh keep sentimental reasons last press secretary trump era,oh keep sentimental reasons last trump era,0,0.766607515249834
481448,Media and Communications,23.852534562211986,92,early national geographic photojournalist,early national geographic photojournalist,2,0.6047205351475242
485517,Media and Communications,21.732718894009217,92,sorry bob editors want staring ass,sorry bob editors want staring ass,4,1.0
492691,Media and Communications,26.525345622119815,94,worry sir one outcasted journalists trying hitch ride heaven,worry sir one outcasted journalists trying hitch ride heaven,1,0.7813417327337338
494343,Media and Communications,25.75115207373272,94,press secretary guy got released trump tower,guy got released trump tower,0,0.6890560690425385
496556,Media and Communications,25.179723502304146,94,press secretary say poor people coming world,say poor people coming world,0,0.4826428351663108
501132,Media and Communications,25.161290322580644,95,press secretary tough jobeven scythe,tough jobeven scythe,3,0.9653402211561932
518617,Media and Communications,22.894009216589865,97,within 2 hours president trump fired secretary state declared war china partied kim jong un dissolved half federal work force pillow fight oval office reporters insulted mothers everywhere via twitter,within 2 hours president trump fired state declared war china partied kim jong un dissolved half federal work force pillow fight oval office reporters insulted mothers everywhere via twitter,1,0.5410726047126724
532643,Media and Communications,23.336405529953918,99,know agency got call publicist,know agency got call,-1,0.0
536174,Media and Communications,20.497695852534562,99,publicist told one even remembers pizza rat,told one even remembers pizza rat,-1,0.0
540162,Media and Communications,26.4147465437788,100,warn reporters pretty graphic,warn reporters pretty graphic,1,1.0
540628,Media and Communications,26.046082949308754,100,tell reporters evolving case,tell reporters evolving case,1,1.0
542732,Media and Communications,24.42396313364055,100,tell reporters situation evolving rapidly,tell reporters situation evolving rapidly,1,1.0
555977,Media and Communications,24.60829493087558,102,publicist think time admit prolonged exposure solitude altitude overcome composers block,think time admit prolonged exposure solitude altitude overcome composers block,-1,0.0
567522,Media and Communications,43.576036866359445,104,please accept application white house press secretary,please accept application white house,0,0.7305711804321781
567569,Media and Communications,35.66820276497696,104,new white house press secretary,new white house,0,1.0
568083,Media and Communications,28.000000000000004,104,new white house press secretarythe president delighted,new white house secretarythe president delighted,0,0.6995665300605224
568308,Media and Communications,27.096774193548388,104,president trumps new press secretary,president trumps new,0,0.766607515249834
570203,Media and Communications,23.723502304147466,104,revised whole poem editors get idea put words mouth,revised whole poem editors get idea put words mouth,4,0.9328293539330391
570465,Media and Communications,23.410138248847925,104,dummy call press secretary,dummy call,-1,0.0
571571,Media and Communications,21.93548387096774,104,hey fake news journalist whaddya mean dummy would vote trump loser,hey fake whaddya mean dummy would vote trump loser,-1,0.0
572456,Media and Communications,20.663594470046082,104,please direct inquiries press secretary,please direct inquiries,3,1.0
572969,Media and Communications,32.58986175115207,105,presidents former press secretary,presidents former,0,0.766607515249834
573781,Media and Communications,27.723502304147466,105,commentator said definition hell nudity forty,said definition hell nudity forty,-1,0.0
574074,Media and Communications,27.096774193548388,105,first person complain cable reincarnates white house press secretary,first person complain cable reincarnates white house,0,1.0
576377,Media and Communications,24.405529953917053,105,ever notice go outside single commentator,ever notice go outside single,1,0.45236039722578325
593362,Media and Communications,22.17511520737327,107,well word proved mightier never expected editors desk final resting place loser,well word proved mightier never expected editors desk final resting place loser,4,1.0
599926,Media and Communications,22.341013824884794,108,looks like editors new yorker cartoon caption contest trying find funny caption,looks like editors new yorker cartoon caption contest trying find funny caption,5,1.0
602692,Media and Communications,57.05069124423964,109,congratulations becoming new white house press secretary way,congratulations becoming new white house way,0,0.9381276136314494
602734,Media and Communications,38.58064516129032,109,best luck first day new press secretary,best luck first day new,3,0.982405465950033
602746,Media and Communications,37.142857142857146,109,press secretaries wearing,secretaries wearing,-1,0.0
602900,Media and Communications,29.769585253456224,109,alterations completed well advance first day press secretary,alterations completed well advance first day,3,0.9853340833111838
602908,Media and Communications,29.640552995391708,109,start white house press secretary,start white house,0,1.0
602967,Media and Communications,28.792626728110598,109,yes think stunning madam press secretary,yes think stunning madam,3,0.9015753816594592
603145,Media and Communications,27.465437788018434,109,think sets appropriate tone new press secretary,think sets appropriate tone new,3,0.9282700587777716
603188,Media and Communications,27.28110599078341,109,first suit designed exclusively trump press secretary,first suit designed exclusively trump,0,0.6772729479197147
603218,Media and Communications,27.152073732718893,109,suit perfect new job white house press secretary,suit perfect new job white house,0,0.6808838395800272
603263,Media and Communications,27.004608294930875,109,perfect fit first day new press secretary,perfect fit first day new,3,0.9430268694370575
603372,Media and Communications,26.63594470046083,109,great job press secretary get give hell,great job get give hell,3,0.8559558487236657
603412,Media and Communications,26.543778801843317,109,new white house press secretary,new white house,0,1.0
603430,Media and Communications,26.48847926267281,109,voila new image wish project madame press secretary,voila new image wish project madame,3,1.0
603494,Media and Communications,26.28571428571429,109,hear applying president trumps new press secretary,hear applying president trumps new,0,0.766607515249834
603516,Media and Communications,26.24884792626728,109,yes sir agree perfect suit new job president ’ press secretary,yes sir agree perfect suit new job president,0,0.625231594033371
603533,Media and Communications,26.211981566820278,109,latest press secretary collection,latest collection,3,0.8565957893648667
603550,Media and Communications,26.17511520737327,109,ready new white house press secretary,ready new white house,0,0.967973317071938
603570,Media and Communications,26.138248847926267,109,wonderful choice white house press secretary written,wonderful choice white house written,0,0.9756495515826497
603654,Media and Communications,25.953917050691246,109,last press secretary recommended,last recommended,3,0.9014412778254801
603786,Media and Communications,25.714285714285715,109,press secretary ensembles trousers flame retardant,ensembles trousers flame retardant,-1,0.0
603958,Media and Communications,25.419354838709676,109,model served previous white house press secretaries well,model served previous white house secretaries well,-1,0.0
603983,Media and Communications,25.382488479262676,109,perfect fit new job white house press secretary,perfect fit new job white house,0,0.6904303873530006
603984,Media and Communications,25.382488479262676,109,excellent choice new job white house press secretary,excellent choice new job white house,0,0.7235821242345342
604047,Media and Communications,25.29032258064516,109,understand presidents new press secretary would like teflon,understand presidents new would like teflon,0,0.766607515249834
604056,Media and Communications,25.29032258064516,109,think ready head back ms white house press secretary,think ready head back ms white house,0,0.9347163299273281
604351,Media and Communications,24.976958525345623,109,perfect new job white house press secretary,perfect new job white house,0,0.7473787335706163
604366,Media and Communications,24.95852534562212,109,congratulations becoming presidents new press secretary,congratulations becoming presidents new,0,0.7098984075527642
604387,Media and Communications,24.921658986175114,109,start presidents new press secretary,start presidents new,0,0.766607515249834
604513,Media and Communications,24.792626728110598,109,call model white house press secretary,call model white house,0,1.0
604739,Media and Communications,24.534562211981566,109,yes suit befitting new white house press secretary,yes suit befitting new white house,0,0.7101963382962583
604789,Media and Communications,24.46082949308756,109,current press secretary ordered one last week,current ordered one last week,3,0.8087736586873869
604869,Media and Communications,24.387096774193548,109,also comes chain mail press secretary brass,also comes chain mail brass,-1,0.0
605002,Media and Communications,24.23963133640553,109,popular white house staff white house reporters comes second helmet,popular white house staff white house reporters comes second helmet,1,0.4332638875507552
605850,Media and Communications,23.502304147465438,109,would thought honor next white house press secretary,would thought honor next white house,0,0.9872786568682014
605866,Media and Communications,23.48387096774194,109,latest fashion white house press secretaries,latest fashion white house secretaries,0,0.5173068402313331
606072,Media and Communications,23.336405529953918,109,perfect become new press secretary,perfect become new,3,1.0
606363,Media and Communications,23.096774193548388,109,recently sold suit new presidential press secretary,recently sold suit new presidential,0,0.7275920467851175
606698,Media and Communications,22.912442396313363,109,number favorite white house press secretaries,number favorite white house secretaries,0,0.535638662491247
606844,Media and Communications,22.857142857142858,109,press secretary president define word style,president define word style,0,0.75878363980772
608216,Media and Communications,21.91705069124424,109,comes best wishes next press secretary,comes best wishes next,3,1.0
609045,Media and Communications,21.050691244239637,109,stylish young press secretaries wearing season,stylish young secretaries wearing season,-1,0.0
609138,Media and Communications,20.92165898617512,109,impenetrable slings arrows outraged journalists,impenetrable slings arrows outraged journalists,1,1.0
609205,Media and Communications,20.92165898617512,109,good outfit white house press secretary,good outfit white house,0,0.8360811677315537
609224,Media and Communications,20.903225806451612,109,reporters touch wearing ms huckabee sanders,reporters touch wearing ms huckabee sanders,1,0.6796040241956924
609350,Media and Communications,20.70046082949309,109,yeah trick everyone sword desk gimmick send communications director press secretary,yeah trick everyone sword desk gimmick send communications director,4,0.6556065060042325
623706,Media and Communications,21.419354838709676,112,fired press secretaries go,fired secretaries go,-1,0.0
624726,Media and Communications,20.18433179723502,112,told said corpse journalist thought could expose cia,told said corpse thought could expose cia,1,0.7583894192388136
632413,Media and Communications,23.76036866359447,114,threw going hospital time still beats press secretary trump,threw going hospital time still beats trump,0,0.681162137997028
632634,Media and Communications,23.428571428571427,114,great press secretary going,great going,3,0.9319651006480335
633176,Media and Communications,22.820276497695854,114,serving white house press secretary two years jim enjoying new job,serving white house two years jim enjoying new job,0,0.8274765624864605
635224,Media and Communications,21.032258064516128,114,yes sir honored considered next press secretary,yes sir honored considered next,0,0.5788602231510407
636868,Media and Communications,32.055299539170505,115,get fired press secretary job let us make reservations name,get fired job let us make reservations name,-1,0.0
638438,Media and Communications,24.405529953917053,115,seat journalists trump international,seat journalists trump international,1,0.7605230118548553
651354,Media and Communications,47.37327188940093,117,desperate white house press secretary,desperate white house,0,1.0
651426,Media and Communications,29.382488479262676,117,actually step last job speed bump white house press secretary,actually step last job speed bump white house,0,0.6924045143800265
651663,Media and Communications,24.387096774193548,117,could worse could white house press secretary,could worse could white house,0,0.8603659009964466
651856,Media and Communications,23.410138248847925,117,training become white house press secretary,training become white house,0,0.7680431297006093
654458,Media and Communications,19.92626728110599,117,facelift maybe best journalist days,facelift maybe best days,3,1.0
669996,Media and Communications,22.63594470046083,120,bet 1 editors change ‘ meme ’ contest,bet 1 editors change meme contest,4,0.5775551432157009
671646,Media and Communications,20.58986175115208,120,press secretary applicants kept straight face told would saying,applicants kept straight face told would saying,1,0.9095654539410216
681161,Media and Communications,20.22119815668203,122,pharaohs publicist insisted switch making everyone elses hearts harden,pharaohs insisted switch making everyone elses hearts harden,-1,0.0
692589,Media and Communications,27.004608294930875,125,yes crowd publicist frickin ’ magician,yes crowd frickin magician,-1,0.0
693680,Media and Communications,22.63594470046083,125,performance art without publicist lonely art,performance art without lonely art,-1,0.0
701366,Media and Communications,17.89861751152074,126,al franken started reporters 20 year ago,al franken started reporters 20 year ago,1,0.6999658954314442
701541,Media and Communications,15.907834101382491,126,oh hello wonderful editorsi still tryin get one get back real story love new coined truly made famous milton glasers heart logohe asked make first thing ever sold,oh hello wonderful editorsi still tryin get one get back real story love new coined truly made famous milton glasers heart logohe asked make first thing ever sold,2,0.573120864390848
717248,Media and Communications,22.101382488479267,129,standing front sheep wagon people publishers clearing house drove,standing front sheep wagon people publishers clearing house drove,2,0.902338520079239
718903,Media and Communications,20.276497695852534,129,object reporters use term sheeple,object reporters use term sheeple,1,1.0
742265,Media and Communications,19.207373271889406,133,distasteful christopher buckley ‘ shouts murmurs ’ piece found earlier edition new yorker cute sick writers sober submit work editors,distasteful christopher buckley shouts murmurs piece found earlier edition new yorker cute sick writers sober submit work editors,4,0.9132851571935802
757205,Media and Communications,22.304147465437794,136,one terrifying suspenseful moment wave wand reconstitute notice winner publishers clearing house contes,one terrifying suspenseful moment wave wand reconstitute notice winner publishers clearing house contes,2,1.0
766211,Media and Communications,19.225806451612904,137,sarah need discuss press secretary job white house sarah please regret every taking position nightmare day one feels like tied tracks ever since,sarah need discuss job white house sarah please regret every taking position nightmare day one feels like tied tracks ever since,0,0.6996457648001176
784905,Media and Communications,26.70967741935484,140,new yorker editors would caught typo,new yorker editors would caught typo,4,1.0
793261,Media and Communications,18.211981566820278,140,spent years prepping civilizational collapse single one cryptoracist bloggers read accounted shit matters maintaining keto next magic candy island returning love good man,spent years prepping civilizational collapse single one cryptoracist bloggers read accounted shit matters maintaining keto next magic candy island returning love good man,-1,0.0
793360,Media and Communications,17.10599078341014,140,probably come close island marine hockey playground game start soon mrtrump side wonderfull journalists,probably come close island marine hockey playground game start soon mrtrump side wonderfull journalists,1,0.773981335756554
798314,Media and Communications,20.829493087557605,141,charlie goodblood book insectism american founding named best history book year independent publishers association,charlie goodblood book insectism american founding named best history book year independent publishers association,2,0.8966224765367944
798448,Media and Communications,20.552995391705068,141,blood journalist typo,blood typo,4,0.9681695567586696
827013,Media and Communications,24.921658986175114,146,know dogs still tweeting journalists home addresses,know dogs still tweeting journalists home addresses,1,0.858461124456715
827634,Media and Communications,23.705069124423964,146,could stop journalists learn code thing could,could stop journalists learn code thing could,1,0.8546984499160789
829011,Media and Communications,20.94009216589862,146,word particularly dogged reporters,word particularly dogged reporters,1,0.9837436032797489
843712,Media and Communications,58.304147465437794,149,grouchy press secretary dopey attorney general,grouchy dopey attorney general,-1,0.0
858222,Media and Communications,28.442396313364057,152,told tricks stand give back court stenographers machine,told tricks stand give back stenographers machine,-1,0.0
861638,Media and Communications,22.48847926267281,152,look doctor jeckyll mister hyde court stenographer needs pick one names stick,look doctor jeckyll mister hyde needs pick one names stick,-1,0.0
861749,Media and Communications,22.15668202764977,152,may well real magician want court stenographer back right,may well real magician want back right,-1,0.0
885360,Media and Communications,29.253456221198157,157,guess new white house press secretary,guess new white house,0,1.0
885732,Media and Communications,27.07834101382489,157,retained president speech writer,retained president,0,0.7058887447219359
886618,Media and Communications,25.05069124423963,157,finally reliable press secretary,finally reliable,3,1.0
886696,Media and Communications,24.94009216589862,157,proud six months next white house press secretary,proud six months next white house,0,0.9194870549532993
886740,Media and Communications,24.866359447004612,157,wonderful little one wants white house press secretary grows,wonderful little one wants white house grows,0,1.0
886947,Media and Communications,24.62672811059908,157,practicing white house press secretary,practicing white house,0,1.0
887179,Media and Communications,24.42396313364055,157,new white house press secretary stephanie grisham goes soooo ready,new white house stephanie grisham goes soooo ready,0,1.0
887235,Media and Communications,24.350230414746544,157,going apress secretary,going apress,3,1.0
887236,Media and Communications,24.350230414746544,157,look honey playing “ white house press secretary ”,look honey playing white house,0,0.9095647090633739
887477,Media and Communications,24.16589861751152,157,think ready become presidents newest press secretary,think ready become presidents newest,0,0.766607515249834
887697,Media and Communications,23.963133640552996,157,ok got bs part pat let us enroll kiddie class future white house press secretaries,ok got bs part pat let us enroll kiddie class future white house secretaries,0,0.6785433527280804
887878,Media and Communications,23.83410138248848,157,wow obnoxious commentator,wow obnoxious,5,1.0
888192,Media and Communications,23.59447004608295,157,honey meet new white house press secretary,honey meet new white house,0,0.9346481244230652
888499,Media and Communications,23.354838709677423,157,son radio commentator gibberish already 100000 followers,son radio gibberish already 100000 followers,1,0.7763131999076645
888965,Media and Communications,22.94930875576037,157,natural vlogger next stopreality tv potus,natural next stopreality tv potus,0,0.7418930402005343
890012,Media and Communications,22.13824884792627,157,oh honey imagine twenty years trumps press secretary,oh honey imagine twenty years trumps,0,0.766607515249834
890202,Media and Communications,21.91705069124424,157,oh cute shall get press secretary,oh cute shall get,3,1.0
890680,Media and Communications,21.474654377880185,157,darling future press secretary,darling future,3,0.947973771498186
902216,Media and Communications,24.387096774193548,160,tell new yorker editors caption contest finalists available ipad app,tell new yorker editors caption contest finalists available ipad app,5,1.0
930932,Media and Communications,24.682027649769584,167,said little prick referring cactus guess step press secretary,said little prick referring cactus guess step,3,0.9577807853631964
938949,Media and Communications,21.36405529953917,168,well trying think stupid pun say something satisfy cartoon editors,well trying think stupid pun say something satisfy cartoon editors,5,1.0
944871,Media and Communications,21.5483870967742,169,know claws busy trying think stupid pun editors would choose win cartoon contest,know claws busy trying think stupid pun editors would choose win cartoon contest,5,1.0
949680,Media and Communications,21.5852534562212,170,trying think stupid play words usual editors think funniest caption maybe turn new page,trying think stupid play words usual editors think funniest caption maybe turn new page,5,1.0
953956,Media and Communications,21.5852534562212,171,hey let us think dumb play words say guys editors sure pick say best caption,hey let us think dumb play words say guys editors sure pick say best caption,5,0.9633496721263191
955381,Media and Communications,28.8110599078341,172,press secretary deny rumors area 51,deny rumors area 51,1,0.6844888228228777
958780,Media and Communications,22.728110599078345,172,roy going come dumb play words editors choose winning caption,roy going come dumb play words editors choose winning caption,5,1.0
972723,Media and Communications,23.262672811059907,175,much called publicist charge us make big man street thanksgiving,much called charge us make big man street thanksgiving,-1,0.0
1004072,Media and Communications,20.387096774193548,181,still say retired stars always make best color commentators,still say retired stars always make best color commentators,1,0.9433530611668782
1005288,Media and Communications,23.723502304147466,182,one east coast blogger fans ‘ take snow shove,one east coast fans take snow shove,1,0.6730827375030489
1009923,Media and Communications,28.018433179723502,183,next speaker rye commentator todays events,next speaker rye todays events,1,0.6142923842708874
1028876,Media and Communications,54.064516129032256,186,think editors pick caption letting people vote got trump,think editors pick caption letting people vote got trump,5,1.0
1031267,Media and Communications,23.096774193548388,186,unrecognized opera stood limo driver rejected uber king leonard lady lovette consider changing publicists,unrecognized opera stood limo driver rejected uber king leonard lady lovette consider changing publicists,-1,0.0
1035489,Media and Communications,31.262672811059907,187,understand difficult white house press secretary,understand difficult white house,0,1.0
1039204,Media and Communications,21.75115207373272,187,remember future journalists session embargoed,remember future journalists session embargoed,1,0.8123245076187618
1040194,Media and Communications,20.663594470046082,187,okay one wrote papers advice columnist signed therapistfromhell survivor,okay one wrote papers advice signed therapistfromhell survivor,-1,0.0
1071861,Media and Communications,24.516129032258064,193,yep another one ‘ blogger ’ camps right,yep another one camps right,1,0.4152012358710829
1082336,Media and Communications,26.027649769585253,195,hoitytoity publishers kiss world atlas,hoitytoity publishers kiss world atlas,2,1.0
1083302,Media and Communications,24.995391705069125,195,could worse could press secretary,could worse could,-1,0.0
1098066,Media and Communications,21.235023041474655,196,yeah cool whatever man look really time cottagecore blogger met tinder going 30 minutes sees actually sourdough starter,yeah cool whatever man look really time cottagecore met tinder going 30 minutes sees actually sourdough starter,-1,0.0
1099268,Media and Communications,38.26728110599078,197,welcome first annual convention former presidential press secretaries hoping liar liar pants fire mixer become yearly tradition,welcome first annual convention former presidential secretaries hoping liar liar pants fire mixer become yearly tradition,0,0.5028410798765872
1099276,Media and Communications,37.511520737327196,197,already white house even hire press secretaries,already white house even hire secretaries,0,0.6194356082562652
1099319,Media and Communications,34.94930875576037,197,sorry madam whitehouse press secretaries,sorry madam whitehouse secretaries,0,0.5704254177479177
1099404,Media and Communications,31.815668202764982,197,former white house press secretaries ”,former white house secretaries,0,0.487112415404065
1099781,Media and Communications,28.258064516129032,197,expecting new white house press secretary,expecting new white house,0,1.0
1099978,Media and Communications,27.465437788018434,197,new white house press secretary see office ”,new white house see office,0,1.0
1099988,Media and Communications,27.447004608294932,197,yeah best press secretary yet see ya soon,yeah best yet see ya soon,3,1.0
1100285,Media and Communications,26.672811059907833,197,fourth press secretary seriously know going,fourth seriously know going,3,1.0
1102833,Media and Communications,23.9815668202765,197,glad still job press secretary,glad still job,3,0.8047928843687572
1104845,Media and Communications,22.746543778801843,197,excuse secret service said female reporters report daily briefing,excuse secret service said female reporters report daily briefing,1,0.7511625867093524
1115602,Media and Communications,20.64516129032258,198,yes new white house press secretary unmasked frank crissy,yes new white house unmasked frank crissy,0,1.0
1115648,Media and Communications,20.64516129032258,198,andrew bird consider new publicist,andrew bird consider new,3,0.8265991413691439
1118100,Media and Communications,27.29953917050691,199,commentator spectator coach sponsor,spectator coach sponsor,-1,0.0
1121897,Media and Communications,23.078341013824886,199,hernandez looks excuse could color commentators please go mute,hernandez looks excuse could color commentators please go mute,1,0.8823879857179127
1123013,Media and Communications,22.17511520737327,199,yeah trying workfromhome side hustles know feel sports commentator one,yeah trying workfromhome side hustles know feel sports one,3,0.96442925866966
1125606,Media and Communications,31.059907834101388,200,address reporters tell everything control,address reporters tell everything control,1,1.0
1131797,Media and Communications,25.216589861751153,200,publicist telling deal immortalize,telling deal immortalize,-1,0.0
1132430,Media and Communications,24.95852534562212,200,thank hiring appreciate president trump ’ new press secretary,thank hiring appreciate president trump new,0,0.6605620785462342
1135358,Media and Communications,21.456221198156683,200,fit right president trump ’ new press secretary welcome onboard,fit right president trump new welcome onboard,0,0.766607515249834
1137145,Media and Communications,26.967741935483872,201,found problem former white house press secretary hood,found problem former white house hood,0,1.0
1137632,Media and Communications,26.322580645161292,201,asking one clowns times media columnist,asking one clowns times media,1,0.8602420667920947
1137841,Media and Communications,25.953917050691246,201,looks like one clowns white house press secretary,looks like one clowns white house,0,0.9232934746440243
1140940,Media and Communications,23.77880184331797,201,madison avenue publicist,madison avenue,0,0.973165107335619
1142795,Media and Communications,22.562211981566826,201,see problem journalist engine,see problem engine,3,1.0
1151186,Media and Communications,25.622119815668203,203,make stiff one know looks like funny situation editors going pick dumb play words caption,make stiff one know looks like funny situation editors going pick dumb play words caption,5,1.0
1154875,Media and Communications,21.76958525345622,203,sat trump ’ wall great fall press secretaries ’ horses state secretaries ’ men could put together,sat trump wall great fall secretaries horses state secretaries men could put together,0,0.570922389010688
1170436,Media and Communications,24.516129032258064,204,gaslighted trumps reelection speech writer like,gaslighted trumps reelection like,0,0.7418888457353165
1170794,Media and Communications,24.313364055299544,204,ok mommyblogger follow swears helps intermittent fasting,ok mommyblogger follow swears helps intermittent fasting,-1,0.0
1174386,Media and Communications,23.188940092165904,204,think need add political commentator,think need add political,0,0.5863547500766301
1182726,Media and Communications,22.470046082949313,205,hey hardhitting investigative journalist andy borowitz muckraker always sticking head belong guess price pay know truth,hey hardhitting investigative andy borowitz muckraker always sticking head belong guess price pay know truth,-1,0.0
1185048,Media and Communications,20.497695852534562,205,guess need new press secretary,guess need new,3,1.0
1195653,Media and Communications,27.612903225806452,207,yes previous owners journalists working home one needed spin cycle,yes previous owners journalists working home one needed spin cycle,-1,0.0
1196422,Media and Communications,26.08294930875576,207,president ’ press secretary would neighbor,president would neighbor,0,0.8925383231226284
1196783,Media and Communications,25.5852534562212,207,journalists love spin cycle,journalists love spin cycle,-1,0.0
1196837,Media and Communications,25.493087557603687,207,units reserved journalists public relations representatives,units reserved journalists public relations representatives,1,0.7801570516972977
1197263,Media and Communications,25.10599078341014,207,occupied press secretary preset spin,occupied preset spin,-1,0.0
1205477,Media and Communications,27.631336405529954,208,try donald trumps press secretary,try donald trumps,0,0.7199987070302535
1206052,Media and Communications,26.046082949308754,208,used white house press secretary punished unending frustration watching useless efforts selfaggrandizing deceitful man eternity,used white house punished unending frustration watching useless efforts selfaggrandizing deceitful man eternity,0,1.0
1219556,Media and Communications,24.47926267281106,210,publishers clearing house sweepstakes said grand expecting,publishers clearing house sweepstakes said grand expecting,2,1.0
1237080,Media and Communications,23.944700460829498,212,author began question editors title decision trex hyped dinosaur ever walk planet also big jerk cares,author began question editors title decision trex hyped dinosaur ever walk planet also big jerk cares,4,1.0
1238894,Media and Communications,22.193548387096776,212,always wanted meet screen writer jurassic park,always wanted meet jurassic park,-1,0.0
1240346,Media and Communications,20.350230414746544,212,must mixup editors janice think meant thesaurus got thesaurus instead,must mixup editors janice think meant thesaurus got thesaurus instead,4,1.0
1246299,Media and Communications,21.511520737327192,213,course tell mandated reporters,course tell mandated reporters,1,0.9554971365238325
1266505,Media and Communications,32.184331797235025,216,hope means publishers clearing house,hope means publishers clearing house,2,1.0
1269481,Media and Communications,23.741935483870968,216,publishers cleraring house tell 5000 week rest life wondering jumping something right,publishers cleraring house tell 5000 week rest life wondering jumping something right,2,1.0
1294548,Media and Communications,27.225806451612907,220,‘ bear ’ tell truth ” note editors believe type simple comforting humour thrive event biden election victory trump wins please use alternative caption “ fuck shit piss fuck fuck ”,bear tell truth note editors believe type simple comforting humour thrive event biden election victory trump wins please use alternative caption fuck shit piss fuck fuck,5,1.0
1298584,Media and Communications,22.986175115207374,220,creditors v build bear workshop inc would like depose companys last known representative,creditors v build bear workshop inc would like depose companys last known representative,-1,0.0
1304084,Media and Communications,24.331797235023043,221,keep making sheeple independent fact checkers heard,keep making sheeple independent checkers heard,-1,0.0
1309322,Media and Communications,20.368663594470046,221,hey new yorker editors come demanding andy borowitz columns fact fire writers,hey new yorker editors come demanding andy borowitz columns fire writers,4,0.98810156788987
1314187,Media and Communications,23.53917050691244,222,tell telling reporters agree said yesterday know would changed,tell telling reporters agree said yesterday know would changed,1,0.811268730565499
1331200,Media and Communications,25.29032258064516,225,know snooping journalist see one,know snooping see one,1,0.5026435713720159
1333433,Media and Communications,23.723502304147466,225,data show ’ instagram competitions profitable copywriters know,data show instagram competitions profitable copywriters know,2,0.5373033698013511
1358529,Media and Communications,23.02304147465438,228,hired good publicist,hired good,-1,0.0
1399027,Media and Communications,23.13364055299539,233,sir thing godzilla strongly recommend treating accordingly salt good food blogger,sir thing godzilla strongly recommend treating accordingly salt good food,-1,0.0
1399414,Media and Communications,22.80184331797235,233,even try contests editors new yorker sense humor,even try contests editors new yorker sense humor,5,1.0
1420313,Media and Communications,20.847926267281107,235,wanted let know parallel world publishers clearing house ringing doorbell right 7000 week life prize,wanted let know parallel world publishers clearing house ringing doorbell right 7000 week life prize,2,1.0
1425858,Media and Communications,23.57603686635945,236,editors note contest cancelled due exclusively receiving unprintable entries internet fetishist community,editors note contest cancelled due exclusively receiving unprintable entries internet fetishist community,2,0.8088431067871794
1434178,Media and Communications,22.80184331797235,237,reunion maga rabid trump supportersthey magic rabbit act reporters,reunion maga rabid trump supportersthey magic rabbit act reporters,1,0.5356524705381892
1450617,Media and Communications,27.834101382488484,240,think handle life academics anymore gwen first predatory publishers panhandling pages,think handle life academics anymore gwen first predatory publishers panhandling pages,2,0.8212363186578687
1452741,Media and Communications,24.18433179723502,240,know publicist feels,know feels,3,1.0
1453103,Media and Communications,23.815668202764982,240,publishers getting aggressive since became leader book group,publishers getting aggressive since became leader book group,2,0.8683834003167564
1453376,Media and Communications,23.520737327188943,240,publishers testing aggressive street marketing campaign,publishers testing aggressive street marketing campaign,2,0.7597761804431136
1454609,Media and Communications,22.304147465437794,240,every copy editors nightmare hyphen missed might mere giantprint editions,every copy editors nightmare hyphen missed might mere giantprint editions,4,1.0
1454778,Media and Communications,22.13824884792627,240,publishers gotten aggressive covid19 vaccination rate rising,publishers gotten aggressive covid19 vaccination rate rising,2,0.893834488543237
1455116,Media and Communications,21.76958525345622,240,knew publishers encouraged authors tour give interviews taking solicitation readers far,knew publishers encouraged authors tour give interviews taking solicitation readers far,2,0.6839290587753758
1455446,Media and Communications,21.345622119815673,240,publishers must getting desperate,publishers must getting desperate,2,0.8128115371080847
1455861,Media and Communications,20.516129032258064,240,mounting global warming evidence snuggly acknowledges live publishers,mounting global warming evidence snuggly acknowledges live publishers,2,0.795039728741467
1488407,Media and Communications,25.529953917050694,244,actual psychiatry office admitted past 5 months used laptops desktop computers editing suite monitors spend entire session discussing form submit company prescriptions lieu insurance today went person first time tiny room man proudly displaying nurse practitioner degree know say except last lady saw quit proceeded tell form already submitted way implied stupid care even ironic waiting sign entire time silent woman sat adjacent transcribing entire conversation somewhere court stenographer piano maestro typingcomposing seemed urgent concerto anytime spoke environment expect people open trauma look cartoon tell scenario think weird take notepad iguana insanity disguised modern hip mental health services plcarrico,actual psychiatry office admitted past 5 months used laptops desktop computers editing suite monitors spend entire session discussing form submit company prescriptions lieu insurance today went person first time tiny room man proudly displaying nurse practitioner degree know say except last lady saw quit proceeded tell form already submitted way implied stupid care even ironic waiting sign entire time silent woman sat adjacent transcribing entire conversation somewhere piano maestro typingcomposing seemed urgent concerto anytime spoke environment expect people open trauma look cartoon tell scenario think weird take notepad iguana insanity disguised modern hip mental health services plcarrico,4,0.6097436633321671
1490048,Media and Communications,24.129032258064516,244,philadelphia need speak journalistic outlet prisons police would come nyc unless ” stopstealingstorie,philadelphia need speak journalistic outlet prisons police would come nyc unless stopstealingstorie,1,0.919191613951382
1500923,Media and Communications,24.46082949308756,246,creditors would like word sweetie,creditors would like word sweetie,-1,0.0
1511446,Media and Communications,21.36405529953917,247,advice kid get good publicist learn songs keep head water,advice kid get good learn songs keep head water,-1,0.0
1522565,Media and Communications,25.788018433179722,249,editors writers new yorker,editors writers new yorker,4,1.0
1534373,Media and Communications,22.691244239631338,250,true journalist questions government,true questions government,0,0.9530716153396924
1549815,Media and Communications,23.889400921658986,252,actually original saying ‘ chop wood carry water back mountain attained enlightenment ’ editors thought wordy,actually original saying chop wood carry water back mountain attained enlightenment editors thought wordy,4,0.8776606892531926
1552141,Media and Communications,21.29032258064516,252,publishers clearing house check life cameras,publishers clearing house check life cameras,2,0.9076965912115565
1553912,Media and Communications,27.447004608294932,253,cartoon funny inhumane create joke plight polar bears inexcusable shame cartoonist well editors new yorker matter anyone submits caption,cartoon funny inhumane create joke plight polar bears inexcusable shame cartoonist well editors new yorker matter anyone submits caption,5,1.0
1563510,Media and Communications,22.451612903225808,254,mind actually really like need know powerful basically sucking shit floor wrote slates sexadvice columnist said tell going anyway move,mind actually really like need know powerful basically sucking shit floor wrote slates sexadvice said tell going anyway move,-1,0.0
1565679,Media and Communications,32.8110599078341,255,waitress evening also screen writer actress circus artist,waitress evening also actress circus artist,-1,0.0
1582634,Media and Communications,24.64516129032258,257,new publicist never forget alligator shoes divorce,new never forget alligator shoes divorce,1,0.43376816782878547
1585654,Media and Communications,22.24884792626728,257,publishers keep hiring experiential marketing agencies,publishers keep hiring experiential marketing agencies,2,0.6842333982135835
1586411,Media and Communications,21.6036866359447,257,like think predatory publishers,like think predatory publishers,2,0.843140973725894
1587206,Media and Communications,20.571428571428573,257,checked publishers quite sure ordered boxed set,checked publishers quite sure ordered boxed set,2,1.0
1599133,Media and Communications,22.009216589861754,259,editors said metal detector favorite vaccum cleaner,editors said metal detector favorite vaccum cleaner,-1,0.0
1610206,Media and Communications,25.05069124423963,261,said table reserved food vloggers,said table reserved food vloggers,-1,0.0
1611875,Media and Communications,23.152073732718893,261,shocking editors catch inverterror,shocking editors catch inverterror,4,1.0
1621500,Media and Communications,24.60829493087558,263,publicist handles damage control right,handles damage control right,-1,0.0
1639920,Media and Communications,22.13824884792627,265,cleaned danish journalist found though right,cleaned danish found though right,3,0.9711826875212565
1653859,Media and Communications,25.529953917050694,268,shame always wanted screen writer winds press pool,shame always wanted winds pool,-1,0.0
1654625,Media and Communications,24.331797235023043,268,cartoon editors love dramatic meltdowns,cartoon editors love dramatic meltdowns,5,1.0
1654657,Media and Communications,24.294930875576036,268,managing editors thought hanging around water cooler cliche,managing editors thought hanging around water cooler cliche,4,1.0
1655827,Media and Communications,23.13364055299539,268,copywriters meltdown marketing departments glory,copywriters meltdown marketing departments glory,-1,0.0
1657199,Media and Communications,21.861751152073733,268,new budget liquify older editors,new budget liquify older editors,4,0.7278021067272263
1658253,Media and Communications,20.663594470046082,268,old editors die run ink,old editors die run ink,-1,0.0
1658410,Media and Communications,20.442396313364057,268,told happens copywriters sooner later,told happens copywriters sooner later,-1,0.0
1658864,Media and Communications,18.930875576036865,268,last copywriters stay away two rewrite contracts cris garvey vancouver cgarveytelusnet,last copywriters stay away two rewrite contracts cris garvey vancouver cgarveytelusnet,2,0.47760776874943706
1660023,Media and Communications,25.382488479262676,269,new yorker editors find contributions caption contest funny,new yorker editors find contributions caption contest funny,5,1.0
1712409,Media and Communications,24.737327188940096,278,shut publishers clearing house said bought 12 subscriptions would win electric vehicle,shut publishers clearing house said bought 12 subscriptions would win electric vehicle,2,1.0
1725907,Media and Communications,21.76958525345622,280,publishers rejected another one songs,publishers rejected another one songs,2,0.5934139942280733
1727825,Media and Communications,19.11520737327189,280,publishers say music show enough understanding lonliness,publishers say music show enough understanding lonliness,2,0.6070825529447416
1734608,Media and Communications,26.746543778801847,282,know honey publishers clearinghouse flowers big check,know honey publishers clearinghouse flowers big check,2,0.9446891690874877
1734692,Media and Communications,26.45161290322581,282,surprise intergalactic publishers clearing house sweepstakes,surprise intergalactic publishers clearing house sweepstakes,2,0.8986770039988388
1734704,Media and Communications,26.433179723502302,282,think publishers clearinghouse,think publishers clearinghouse,2,1.0
1735026,Media and Communications,25.714285714285715,282,oooh good good got briefcase sure publishers clearing house,oooh good good got briefcase sure publishers clearing house,2,1.0
1735848,Media and Communications,24.405529953917053,282,oh great time brought publicist cookbook,oh great time brought cookbook,-1,0.0
1752064,Media and Communications,26.046082949308754,285,cartoon editors start way,cartoon editors start way,-1,0.0
1752458,Media and Communications,25.29032258064516,285,looks like another day battling creditors,looks like another day battling creditors,-1,0.0
1753234,Media and Communications,24.276497695852537,285,hiding creditors,hiding creditors,-1,0.0
1754246,Media and Communications,23.244239631336406,285,almost ready face reporters,almost ready face reporters,1,1.0
1776951,Media and Communications,26.857142857142858,289,fact checkers tell hold title grand master,checkers tell hold title grand master,-1,0.0
1826053,Media and Communications,22.80184331797235,297,win publishers clearing house,win publishers clearing house,2,1.0
1856062,Media and Communications,23.889400921658986,302,really publishers clearing house prize patrol,really publishers clearing house prize patrol,2,1.0
1860225,Media and Communications,25.493087557603687,303,oh geez turn around outed broc gus tom sighted weekly meating editors vegetarian times,oh geez turn around outed broc gus tom sighted weekly meating editors vegetarian times,4,0.7476636758548297
1876426,Media and Communications,25.27188940092166,306,publishers clearing house,publishers clearing house,2,1.0
1876545,Media and Communications,25.12442396313364,306,enter publishers clearing house contest,enter publishers clearing house contest,2,1.0
1876713,Media and Communications,24.95852534562212,306,yes really publishers clearing house winner,yes really publishers clearing house winner,2,1.0
1876902,Media and Communications,24.7741935483871,306,leon kraus publishers clearing house zillions life drawing thank harold matzenbaum,leon kraus publishers clearing house zillions life drawing thank harold matzenbaum,2,0.9743045169740988
1879036,Media and Communications,22.285714285714285,306,cat publishers clearinghouse grand prize,cat publishers clearinghouse grand prize,2,1.0
1886160,Media and Communications,26.17511520737327,308,see found spilled guts journalist,see found spilled guts,3,0.9270124046459591
1902114,Media and Communications,26.304147465437794,311,unknown reporters disappearing trick dbcooper performed day,unknown reporters disappearing trick dbcooper performed day,1,0.9837436032797489
1908160,Media and Communications,22.525345622119815,312,hard say tails long pig know editors would allowed devoured dog cartoon,hard say tails long pig know editors would allowed devoured dog cartoon,5,0.9105700078799337
1935531,Media and Communications,20.663594470046082,316,blood moneyfemale repressionthe torture murder journalists alien hazards,blood moneyfemale repressionthe torture murder journalists alien hazards,1,0.9436699175679064
1936554,Media and Communications,28.92165898617512,317,need deers publicist,need deers,-1,0.0
1944735,Media and Communications,21.640552995391708,318,reoccurring dream commentator ’ cry ‘ gooooooooooool ’ never end,reoccurring dream cry gooooooooooool never end,-1,0.0
1950501,Media and Communications,19.612903225806452,319,believe agreed publishers promotion bought ten copies book ask whatever questions like,believe agreed publishers promotion bought ten copies book ask whatever questions like,2,0.814510530393265
1970315,Media and Communications,18.838709677419356,325,based weeks answers editors wife hemorrhoid medication,based weeks answers editors wife hemorrhoid medication,4,1.0
1971903,Media and Communications,16.86635944700461,325,twentyfirst century editors wrong bro mycroft minefield,twentyfirst century editors wrong bro mycroft minefield,4,0.9417244288446959
1982532,Media and Communications,27.041474654377886,328,really idea press secretary,really idea,3,1.0
1992706,Media and Communications,18.838709677419356,329,apparently publicist dyslexic advertised modern rat exhibition,apparently dyslexic advertised modern rat exhibition,-1,0.0
2012916,Media and Communications,21.474654377880185,334,think shelter hired copywriter bio,think shelter hired bio,-1,0.0
2052820,Media and Communications,32.20276497695853,342,unfortunately editors usually want greater depth,unfortunately editors usually want greater depth,4,1.0
2057520,Media and Communications,19.33640552995392,342,hello publishers clearing house minute,hello publishers clearing house minute,2,1.0
2060118,Media and Communications,22.70967741935484,343,thought “ best way frustrate biggest number cartoon captioners ”,thought best way frustrate biggest number cartoon captioners,5,1.0
2076611,Media and Communications,21.345622119815673,345,said ant columnist colonist,said ant colonist,-1,0.0
2085004,Media and Communications,23.078341013824886,347,chaotic jumble math expressions equations testifies poor understanding mathematics new yorker cartoonistseditorsreaders funny think find sad,chaotic jumble math expressions equations testifies poor understanding mathematics new yorker cartoonistseditorsreaders funny think find sad,-1,0.0
2086206,Media and Communications,22.17511520737327,347,hey reporters interview work,hey reporters interview work,1,1.0
2090525,Media and Communications,21.80645161290323,348,publicists worth every penny,publicists worth every penny,1,0.4712781761589196
2092248,Media and Communications,20.12903225806452,348,need find jonathan livingston ’ publicist,need find jonathan livingston,3,0.7846922901279382
2093339,Media and Communications,18.838709677419356,348,chaps hide think better better publicists,chaps hide think better better publicists,1,0.53943989250633
2102676,Media and Communications,20.000000000000004,350,professor math whiz focused goaloriented hell get fired political speech writer,professor math whiz focused goaloriented hell get fired political,0,0.5024400744184768
2111880,Media and Communications,24.44239631336406,352,careful reporters bunch predators,careful reporters bunch predators,1,1.0
2114259,Media and Communications,22.359447004608295,352,thought speaking creditors preditors,thought speaking creditors preditors,-1,0.0
2114459,Media and Communications,22.23041474654378,352,beginning opening joke larry made mental note fire publicist,beginning opening joke larry made mental note fire,-1,0.0
2115847,Media and Communications,21.400921658986174,352,expect many hungry reporters news conference today,expect many hungry reporters conference today,1,0.98753444697193
2131914,Media and Communications,20.368663594470046,355,warning fashion bloggers become tree huggers,warning fashion bloggers become tree huggers,-1,0.0
2140197,Media and Communications,20.663594470046082,356,really tough journalist afraid scoops,really tough afraid scoops,3,0.8825838150800261
2140808,Media and Communications,20.31336405529954,356,reporters always get scoop,reporters always get scoop,1,1.0
2141721,Media and Communications,19.668202764976964,356,break journalist kept asking inside scoo,break kept asking inside scoo,-1,0.0
2161197,Media and Communications,21.142857142857142,360,spend next 45 minutes explaining fact checker jokes work,spend next 45 minutes explaining jokes work,-1,0.0
2172329,Media and Communications,21.880184331797235,362,publicist suggested way meet people instead beaming,suggested way meet people instead beaming,1,0.5865592818315822
2184368,Media and Communications,29.82488479262673,365,several players exploiting bug crowdsource voting ie nicole chrolavicius paul nesja carol lasky colin mills brandon lawniczak etc know nyer editors please email bayareaman29gmailcom,several players exploiting bug crowdsource voting ie nicole chrolavicius paul nesja carol lasky colin mills brandon lawniczak etc know nyer editors please email bayareaman29gmailcom,-1,0.0
2185027,Media and Communications,22.783410138248847,365,think guy mr potato head contest australia editors thought might look good certainly would need somebody explain even meaning eludes completely,think guy mr potato head contest australia editors thought might look good certainly would need somebody explain even meaning eludes completely,5,0.8707707583876019
2240470,Media and Communications,23.059907834101388,374,shame thinking work home travel journalist,shame thinking work home travel,3,0.8476050987857162
2244399,Media and Communications,25.51152073732719,375,thus released gene e conservative commentator hear seeming endless tirade immorality expecting something nothing,thus released gene e conservative hear seeming endless tirade immorality expecting something nothing,1,0.6095210121536847
2247080,Media and Communications,21.382488479262676,375,surprised era social media anyone thinks journalist aladdin,surprised era social media anyone thinks aladdin,5,1.0
2274710,Media and Communications,20.663594470046082,380,know story upset big publishers part princess industrial complex,know story upset big publishers part princess industrial complex,2,0.7413290485284392
